:START_ID(Address),:END_ID(Address),value:string,hash,block_number:int
0xa7c3580ed9d7f8fc45a3afedeffca0d140dd6cf3,0xc5c881aa4c6ed4fc8091d31e49c2b1ddb299048d,680044202,,25910000
0x559432e18b281731c054cd703d4b49872be4ed53,0x3f7613ed2fd146e8ff8a8c31cb9588e2e7a6cb11,201000000,,25910000
0x559432e18b281731c054cd703d4b49872be4ed53,0x915b4d857a9154770fe69300627092e41ef51a15,15000000,,25910000
0x559432e18b281731c054cd703d4b49872be4ed53,0x01e7334a002aa3e1cbeddb744cac82c51559ab86,18433560,,25910000
0x559432e18b281731c054cd703d4b49872be4ed53,0x860e433f2c68e13f10988089b21718ffd59e662b,299501000,,25910000
0x559432e18b281731c054cd703d4b49872be4ed53,0x7c5f470d0b086d3b5520f5395e5cd0a3011901f1,193640000,,25910000
0x559432e18b281731c054cd703d4b49872be4ed53,0x860e433f2c68e13f10988089b21718ffd59e662b,299540000,,25910000
0x559432e18b281731c054cd703d4b49872be4ed53,0xb97cd73dcd77b9c1cb583716a591221363b9bf39,965327001,,25910000
0x559432e18b281731c054cd703d4b49872be4ed53,0xa889fffcc0b14892a931f6374f3632730e7cd7eb,2988588940,,25910000
0x559432e18b281731c054cd703d4b49872be4ed53,0x62ff2a99f4c5536d83fcaba88cf2a84e6c51df95,1459663000,,25910000
0x559432e18b281731c054cd703d4b49872be4ed53,0xd2209670af19f212f8097ab71549bb4f50a46202,4000000,,25910000
0x559432e18b281731c054cd703d4b49872be4ed53,0x9809fd7dffcfce563ab478c4b1e97d492470a669,41440000,,25910000
0x559432e18b281731c054cd703d4b49872be4ed53,0x8d73fb69145f24620eeffe2bba4dea8feb878d9d,2965376978,,25910000
0x559432e18b281731c054cd703d4b49872be4ed53,0x017f50ca748b110b691203fc09d56a781ed0d652,450100000,,25910000
0x559432e18b281731c054cd703d4b49872be4ed53,0x4cf506c044c18613677ec2fa2c5c2fef11e511f7,57550000,,25910000
0x403194bdad5b53b1b2c90136ae5e33b5f9cb0d68,0x3076ee5e0533c54ac885b6cc9515de03db69d980,2700000000,,25910000
0xaec0da137bec0726aef285c2b6ff6fbe4f86314a,0x36d2b9ce32b60de640dab4f8cb81f045ead0016d,289418348,,25910000
0xaec0da137bec0726aef285c2b6ff6fbe4f86314a,0x66c9050357e1c1b47abe874c00a22900b79a53cb,3191652,,25910000
0xf30ea094692c694517d0f44f8250f3d85acdc67c,0x9a47f3289794e9bbc6a3c571f6d96ad4e7baed16,40000000,,25910000
0x9a47f3289794e9bbc6a3c571f6d96ad4e7baed16,0xe6b738da243e8fa2a0ed5915645789add5de5152,350000,,25910000
0x9a47f3289794e9bbc6a3c571f6d96ad4e7baed16,0xc1d13492285eb664951e201bf7c80c7c6318a1b5,39650000,,25910000
0xce9bd5e7feeb848d2f8eedfe936aba68d2484fdd,0xac6cd7d52c1aa5211baee83effbf0622f9fdcb4f,163870000,,25910000
0x21a31ee1afc51d94c2efccaa2092ad1028285549,0xdc32dce6b2633eaffeb6d1a9db9e50d87820ea15,103070000,,25910000
0x1428f06207cc19e03918913314afc562774c638c,0x82e1762bb9b1ad6495ac4f9af2d5db0b329449cf,134700000,,25910000
0xe212f342bbb1a53d91f10a3aa6f1b5e4e4bd9a69,0x93228d328c9c74c2bfe9f97638bbb5ef322f2bd5,150000000,,25910000
0x3391203553cfc003e50ead217bf6ce7747c2244d,0xaad927ee53671105b6d5c6aee10cfb1ca29e4c8d,6000000000,,25910000
0xdfd5293d8e347dfe59e90efd55b2956a1343963d,0xe2f02acea3ee3b777740dae590ff6a8a9781b832,59700000,,25910000
0x56eddb7aa87536c09ccc2793473599fd21a8b17f,0x70068750e1af2f29853d501f1a9df8f624400f2b,725752291,,25910000
0x28c6c06298d514db089934071355e5743bf21d60,0xcb7bcd8fdcc2ab997664ff4424ce7b28fafd7a47,153460000,,25910000
0x28c6c06298d514db089934071355e5743bf21d60,0xe14a917d7e0dfcacf866f846052e51c0bf632d03,37700000,,25910000
0x000000000004444c5dc75cb358380d2e3de08a90,0x8e882a5b1cb82ba1f7dfbefd0954a5fa02485e6e,27250391,,25910000
0x3dbec89b559a6616b8f12f5a948fefd8aea18a01,0x19df08be1b58f22f802a9bd344eb12769281099c,30181100,,25910000
0x3dd6d8d27fd2130a1e44b3835bee05f5e18e1d29,0x559432e18b281731c054cd703d4b49872be4ed53,570000000,,25910000
0xc3e6d118cf103e7abdc150a0962b264ba794d5f8,0x746039a280b114cae4eb8b6dd1adab99ccfd16a6,900000000,,25910000
0x7d4515cfdaddcee4508c0e47f72fab46ec7c1ebd,0xa9d1e08c7793af67e9d92fe308d5697fb81d3e43,50000000,,25910000
0x7693a5dd8817361f99fd06143c4b9f0fffd89831,0xee00b85b92ab8fa0248109534f6fce53a616a2d8,150000000,,25910000
0x3237858a7490d850194c49b367bded4534e3ca2e,0x04a28e633f40a6217568a0ddccf863afb12b46db,400000000,,25910000
0xe3d41d19564922c9952f692c5dd0563030f5f2ef,0x11111605ef067242653c980b8f6f1ffe50305afe,8186843729,,25910000
0x11111605ef067242653c980b8f6f1ffe50305afe,0x111111125421ca6dc452d289314280a0f8842a65,8186843729,,25910000
0x111111125421ca6dc452d289314280a0f8842a65,0x0000000000367715a1c746bd336b65e5954c7660,8186843729,,25910000
0x0000000000367715a1c746bd336b65e5954c7660,0x3416cf6c708da44db2624d63ea0aaef7113527c6,8186030656,,25910000
0x0000000000367715a1c746bd336b65e5954c7660,0xc2c1a2c7e3cdef9082c9cd67e97ab38e940a9666,813073,,25910000
0xe16cadee0e3200cb5fb226b51e9e012e5fc26465,0xd01829e5cda7def94a4419dcdf73061d8e63c5a4,500000000,,25910000
0xe16cadee0e3200cb5fb226b51e9e012e5fc26465,0x4b742ad5ca91969e82aefb80072ae59121a3d72a,64656,,25910000
0x5e43e9887c1d6dfd53104b1f38682f75ecb3adf3,0x2ca38266c5a81e2fdaab96c3f9f56ed6ae9df504,20000000,,25910000
0x5e43e9887c1d6dfd53104b1f38682f75ecb3adf3,0x4b742ad5ca91969e82aefb80072ae59121a3d72a,48866,,25910000
0x25f76a06a47f182ba63148bb92815ae3ad7a5948,0x171fc27ac5823bead1d3bac5259e67f580e56bfa,500000,,25910000
0x25f76a06a47f182ba63148bb92815ae3ad7a5948,0x4b742ad5ca91969e82aefb80072ae59121a3d72a,50742,,25910000
0xe9c360f08af5d58a878134fb4fa2a876ce08bcf2,0x6872b6630a3afcd3117191a8403c2002e13df7de,13,,25910000
0x9a643a4178d1c37198e02e646dda7f67a7f60f7b,0xde119e44cdc839a90f0f8ee156f7e4c628bd978d,19722352,,25910000
0xbcc64b6fa69ee3a3ba89c843cdce13c108fbfc03,0x4cd00e387622c35bddb9b4c962c136462338bc31,3000000,,25910000
0x37c64fad19aad713b3cef2de6e0d6a84a66c325e,0x6872b6630a3afcd3117191a8403c2002e13df7de,14391716,,25910000
0x3ee6cf65bc4c834e172b6a2d847e9025a4f9408d,0x3ccbca52240c4d67ce1ff9434cae20ae2eff0e34,1200,,25910000
0x8ab889a0cc82874969ff540eaaadfaa131dee310,0x06af1a5e77491069f93bc99359187fccb2088820,504260000,,25910000
0xbfaff6d34fc2609df575ec38e0e1ce6f48080c4e,0xc649ae9927e207bc27d1ff8520b96e5942c6694f,6310000,,25910000
0x46340b20830761efd32832a74d7169b29feb9758,0xcdca9970b52a8c3be3dcc9ab4b8b60934426d210,509440000,,25910000
0x9303d901bbe63310ae5adbb2f3b6d78f82776e7d,0x111f686ff7e5361e87d632376a82d894a33fdcd4,2673953515,,25910000
0x9303d901bbe63310ae5adbb2f3b6d78f82776e7d,0xe3195053f15aae88bb69c7ece0f4922e3e5a7b27,3941304237,,25910000
0x9a849c078e2040c5ef31258fd4d2410ecc2e4cc3,0x3802d9974fa63b6786567dbd399e36e582ee4e48,500000,,25910000
0x7d9f4ca54131e588fc1fe577973b55fb11231e76,0x8364104bc0194c269a48c0c02ed605469de0d024,150,,25910000
0x7d9f4ca54131e588fc1fe577973b55fb11231e76,0x02380eab3231a85f184f8b1a453404033ce4fe2a,410,,25910000
0x7d9f4ca54131e588fc1fe577973b55fb11231e76,0xe01a21fca862b526f434f3b0aa4bd69b97f5c74f,750,,25910000
0x7d9f4ca54131e588fc1fe577973b55fb11231e76,0x2cca40ca610c22d40a5e67dd399fd1859b87af10,131,,25910000
0x7d9f4ca54131e588fc1fe577973b55fb11231e76,0xf33802508ad3e24f29a404541d405180eb27f425,309,,25910000
0x7d9f4ca54131e588fc1fe577973b55fb11231e76,0xe30e26158efbb56d8cb5caf5b73201aef4eda37a,975,,25910000
0x7d9f4ca54131e588fc1fe577973b55fb11231e76,0x0f094cf68006d0a63c0e6294ee5ef8476de8c2b3,540,,25910000
0x7d9f4ca54131e588fc1fe577973b55fb11231e76,0x262e3fb3fec0f29d4784a01c08c7d0c34999352e,237,,25910000
0x7d9f4ca54131e588fc1fe577973b55fb11231e76,0x19d333b3f56a210b6c0a1e2cc7e212ecffce122f,510,,25910000
0x7d9f4ca54131e588fc1fe577973b55fb11231e76,0xc7db20d7cac5efc5bed225f0a8c6a2ad56185a3f,363,,25910000
0x7d9f4ca54131e588fc1fe577973b55fb11231e76,0xb2b780dcf073647b3e241964716b4e4e7c876dd7,489,,25910000
0x7d9f4ca54131e588fc1fe577973b55fb11231e76,0xae7293e2e1046d00b38571d7fc9b8297f2ca5642,412,,25910000
0x7d9f4ca54131e588fc1fe577973b55fb11231e76,0x8f7a6cb717f528fea8a9527b65892a1f41aa2945,120,,25910000
0x7d9f4ca54131e588fc1fe577973b55fb11231e76,0x93bd6d2ee5be800aef3e5d361a48c241b3b477ac,500,,25910000
0x7d9f4ca54131e588fc1fe577973b55fb11231e76,0x984087544170dc0a2efa9115a3275fbe8423430d,200,,25910000
0x7d9f4ca54131e588fc1fe577973b55fb11231e76,0x8d1bf9872b3d3c788ff8f0b33911da4a5c00bbd5,103,,25910000
0x7d9f4ca54131e588fc1fe577973b55fb11231e76,0x403cc58c46b1b2a3a677b4fefdf690afd0e7dd4b,400,,25910000
0x7d9f4ca54131e588fc1fe577973b55fb11231e76,0xc71dd76a7d39cfde29ebc5b80bd3453b81c9033f,100,,25910000
0x7d9f4ca54131e588fc1fe577973b55fb11231e76,0x99516e41faf04a72ca5d2bc132aa4b0531e89e5e,605,,25910000
0x7d9f4ca54131e588fc1fe577973b55fb11231e76,0xc0dca113e1c65808be93972f8eb2afbfbc51cc70,990,,25910000
0x7d9f4ca54131e588fc1fe577973b55fb11231e76,0xd629bfd2bc7b64fd18dbd5ad94158e572e6d2876,300,,25910000
0x7d9f4ca54131e588fc1fe577973b55fb11231e76,0x3d548b65c7e893bfeb70e2f3309306f32e64259a,540,,25910000
0x7d9f4ca54131e588fc1fe577973b55fb11231e76,0xc532f950c93243707e1a907519fec95d5748a84b,100,,25910000
0x7d9f4ca54131e588fc1fe577973b55fb11231e76,0x902b782807fabb35a4cd3c79ad556149bfda20f2,610,,25910000
0x7d9f4ca54131e588fc1fe577973b55fb11231e76,0xc5a3afdc298b7200866eeb3ceff8040c5d8e680f,352,,25910000
0x7d9f4ca54131e588fc1fe577973b55fb11231e76,0xd61dc66c5cf5584bf0f6112580970d1bc0ef1df2,748,,25910000
0x7d9f4ca54131e588fc1fe577973b55fb11231e76,0x884a4858e0ef7b98a1b9894f9fde550cda2618bd,128,,25910000
0x7d9f4ca54131e588fc1fe577973b55fb11231e76,0xc0354ee42b3721e97876af0804a94f5b6a51a176,360,,25910000
0x7d9f4ca54131e588fc1fe577973b55fb11231e76,0xc6bcdddc0b2a33d7d421a2ed4004046d889096a0,213,,25910000
0x7d9f4ca54131e588fc1fe577973b55fb11231e76,0x88a78bb2fe96106be9bee4f150a7ea6add8a784f,250,,25910000
0x7d9f4ca54131e588fc1fe577973b55fb11231e76,0xb49bff069be2b343da0b57e35267d458dae34bf5,481,,25910000
0x7d9f4ca54131e588fc1fe577973b55fb11231e76,0xb57363919751cf270d634c9101d609f815511b03,253,,25910000
0x7d9f4ca54131e588fc1fe577973b55fb11231e76,0xcce5853913d97aec4e1cede124baea45abaccc93,931,,25910000
0x7d9f4ca54131e588fc1fe577973b55fb11231e76,0x4622c91cc1ee5d42bce33431570e2853f69ca51d,114,,25910000
0x7d9f4ca54131e588fc1fe577973b55fb11231e76,0x7ba03a3e948e51303f92b488693fe0c8e5144349,200,,25910000
0x7d9f4ca54131e588fc1fe577973b55fb11231e76,0x5b815f399df89161bc20d614158443c46cfca066,200,,25910000
0x7d9f4ca54131e588fc1fe577973b55fb11231e76,0x49985356564a0e5b3aa3f57b458decb5eed1a777,369,,25910000
0x7d9f4ca54131e588fc1fe577973b55fb11231e76,0xed3d491b16e7a8a65f9226d53df2529afa0f3b25,301,,25910000
0x7d9f4ca54131e588fc1fe577973b55fb11231e76,0x4a3b07c77c9ac098876bc9b6f30bbec52c099984,299,,25910000
0x7d9f4ca54131e588fc1fe577973b55fb11231e76,0x9fb8e64ffb8d4954b9ff281a081062cf0859ad69,102,,25910000
0x7d9f4ca54131e588fc1fe577973b55fb11231e76,0x0e42077251320fc4cf0770d4c09d69dcaf10d84c,301,,25910000
0x7d9f4ca54131e588fc1fe577973b55fb11231e76,0x9cd68f58a998f6d2e30046d47579c58380f0c79d,500,,25910000
0x7d9f4ca54131e588fc1fe577973b55fb11231e76,0xb09747dd3ab5ba4739d283b795aaf2f249724644,501,,25910000
0x7d9f4ca54131e588fc1fe577973b55fb11231e76,0x5ff4af001a574f9e66ad99e516981aa2a4fad961,216,,25910000
0x7d9f4ca54131e588fc1fe577973b55fb11231e76,0x7d1119bbc58880ea2645e9c1194131d47a4a0861,100,,25910000
0x7d9f4ca54131e588fc1fe577973b55fb11231e76,0x34a774dc3b04b9850da4d41dc40e24dcb5794a9e,149,,25910000
0x7d9f4ca54131e588fc1fe577973b55fb11231e76,0x58deb9d1e6e841b51ca8042b1100fa28a00c02e0,100,,25910000
0x7d9f4ca54131e588fc1fe577973b55fb11231e76,0x2e587d324ccc72bcf4e535695d23580e3c46155d,748,,25910000
0x7d9f4ca54131e588fc1fe577973b55fb11231e76,0x744f76bc4c68e40f33b88d191f05740a6ee50f03,100,,25910000
0x7d9f4ca54131e588fc1fe577973b55fb11231e76,0x5b815f399df89161bc20d614158443c46cfca066,200,,25910000
0x7d9f4ca54131e588fc1fe577973b55fb11231e76,0x443b84a4e7531dcad1127e1252087318d4f18d4d,100,,25910000
0x7d9f4ca54131e588fc1fe577973b55fb11231e76,0x8e1985f85ea68ef116d38fc2e72b3d9213849aca,499,,25910000
0x7d9f4ca54131e588fc1fe577973b55fb11231e76,0xfda178aabc1dc59b822e2f0e21ffbd8afbceda16,201,,25910000
0x7d9f4ca54131e588fc1fe577973b55fb11231e76,0xa35ab141a405666918fd287ada5e393a2adda1eb,221,,25910000
0x7d9f4ca54131e588fc1fe577973b55fb11231e76,0xef1fe59c42d0f74bbcfcd7a8b456366f3f2f6ef1,800,,25910000
0x7d9f4ca54131e588fc1fe577973b55fb11231e76,0x891850288a8178d92c3a55a0634bca9b8ea86f78,218,,25910000
0x7d9f4ca54131e588fc1fe577973b55fb11231e76,0x3eafab396205a5627468db930417a0c33ae54285,210,,25910000
0x7d9f4ca54131e588fc1fe577973b55fb11231e76,0x6e527ece3dca6d82f5fe44cb4d6c2f5c1e07bd34,800,,25910000
0x7d9f4ca54131e588fc1fe577973b55fb11231e76,0x96cf243919e125bfc3488673127aac137d98a317,965,,25910000
0x7d9f4ca54131e588fc1fe577973b55fb11231e76,0x9f5d1d294c8388a5a154f28077d281c59de2b6e1,100,,25910000
0x7d9f4ca54131e588fc1fe577973b55fb11231e76,0xe69ed5cdab77daf01ce5dbbdf912953745bd00a2,800,,25910000
0x7d9f4ca54131e588fc1fe577973b55fb11231e76,0x440da1a582888ec37404d286a3fdc0ab00c98c75,180,,25910000
0x7d9f4ca54131e588fc1fe577973b55fb11231e76,0x7a29766bdff17b608c8eac38e5dfed75a5274414,300,,25910000
0x7d9f4ca54131e588fc1fe577973b55fb11231e76,0xffee82d4c97a96be775213cbf8f4ff30c960f35d,800,,25910000
0x7d9f4ca54131e588fc1fe577973b55fb11231e76,0x8a484c657e628cf5096989191a573d8a1b43b5fd,127,,25910000
0x7d9f4ca54131e588fc1fe577973b55fb11231e76,0xe3421812de977beb984dbf85bfded1e6526e1964,100,,25910000
0x7d9f4ca54131e588fc1fe577973b55fb11231e76,0x58fc1f037a0cf36c8331b07c38758c5ec1c02795,700,,25910000
0x7d9f4ca54131e588fc1fe577973b55fb11231e76,0xb0bea72eb825dab9b64e99c9e59224d1b937743f,164,,25910000
0x7d9f4ca54131e588fc1fe577973b55fb11231e76,0xe6d1747b85c148767f9278ddd350ba82de310465,100,,25910000
0x7d9f4ca54131e588fc1fe577973b55fb11231e76,0x283c4baf790623427deda908aab34bfc704022d5,100,,25910000
0x7d9f4ca54131e588fc1fe577973b55fb11231e76,0x37684cd19c5f3e94a3d8bb6d9c2eebe099725251,527,,25910000
0x7d9f4ca54131e588fc1fe577973b55fb11231e76,0x65899350edf3179d8ed1fc2463689dbfbcbad356,239,,25910000
0x7d9f4ca54131e588fc1fe577973b55fb11231e76,0x3d652e2a2f34cd14e31529cc0149ac7723cfd59d,290,,25910000
0x7d9f4ca54131e588fc1fe577973b55fb11231e76,0x790989f92771458407790c069806caa738e0a6d8,442,,25910000
0x7d9f4ca54131e588fc1fe577973b55fb11231e76,0xde2395fab273997993b41bd92c1996999563b630,373,,25910000
0x7d9f4ca54131e588fc1fe577973b55fb11231e76,0x01b8b626106f0792bc4fd9bda6979e083b65356c,100,,25910000
0x7d9f4ca54131e588fc1fe577973b55fb11231e76,0xe03ade5cbc6bbbd96fa5f97c17cffbf56ae19b21,117,,25910000
0x7d9f4ca54131e588fc1fe577973b55fb11231e76,0x9ffd87dec82372a9b7b7defcc39c598aec75e77e,700,,25910000
0x7d9f4ca54131e588fc1fe577973b55fb11231e76,0xbf7386a3c455100487e5fb89adfd5d7438eee675,250,,25910000
0x7d9f4ca54131e588fc1fe577973b55fb11231e76,0x99e3a0247a08c0e241c17a02301e38e77ef0704c,300,,25910000
0x7d9f4ca54131e588fc1fe577973b55fb11231e76,0xb4f8f82b7b01d341099d4150e449b9abdc52a3cc,972,,25910000
0x7d9f4ca54131e588fc1fe577973b55fb11231e76,0xcc01eb39db3f9529c6d5e1df6edb9aba3db6ac99,900,,25910000
0x7d9f4ca54131e588fc1fe577973b55fb11231e76,0xe961a4178527b476db529114cf68b3034f14571e,750,,25910000
0x7d9f4ca54131e588fc1fe577973b55fb11231e76,0x4998de86ea035ab856177d503332d68985a74191,766,,25910000
0x7d9f4ca54131e588fc1fe577973b55fb11231e76,0xd167daa539a6bef642eff6d57e2030621362a080,321,,25910000
0x7d9f4ca54131e588fc1fe577973b55fb11231e76,0xba7b7215bddb3ca35a404311ba60b892d1496f79,179,,25910000
0xbdc32f01644fe6b67b5a4e474190bcf2c6a1355a,0x1eb0698abc70e50fef7bc1800244eccafa42ae53,93830000,,25910000
0x00009d17b7b809e38f30892cff11650763b80000,0xded44b3d46916a9d871f520a6b4953bb5fb9d7a3,150,,25910000
0x00009d17b7b809e38f30892cff11650763b80000,0xdd8a9c1b54ae778b8da124c868a9bd0caaea35c2,250,,25910000
0xded44b3d46916a9d871f520a6b4953bb5fb9d7a3,0x216912a5ec8f92400f9afef5e0bd6c297c212c71,30,,25910000
0xdd8a9c1b54ae778b8da124c868a9bd0caaea35c2,0x5db444d58dc0010a73a8e0407c9f1ce9b1afcb9a,50,,25910000
0x4cd00e387622c35bddb9b4c962c136462338bc31,0xf70da97812cb96acdf810712aa562db8dfa3dbef,2299599911,,25910000
0x56279ed78b15cf98fe23ccbc279f0ca40c5a9c15,0x1ab4973a48dc892cd9971ece8e01dcc7688f8f23,888207800,,25910000
0x786d79b525ed88289074a029260efe80e9403cc8,0x1ab4973a48dc892cd9971ece8e01dcc7688f8f23,61317427,,25910000
0x94ed31b98c485121f6a0c6897c0e8c3ec46c2d6d,0xba9b379de065f61afb6d87d221cd572259ed4cf1,1700000000,,25910000
0x8c8d7c46219d9205f056f28fee5950ad564d7465,0xe63f1fa8682b6e822c8b8bf0be9262d5d973239e,37687540,,25910000
0xdc4858741e738bb304fc5b290e7b9453da6a5baa,0x7bba21d7daa7301f4daadf1960e2913a91ba2250,100,,25910000
0xdc4858741e738bb304fc5b290e7b9453da6a5baa,0xd366c0fbff4df404964a0302483293aa359b3b9f,100,,25910000
0xdc4858741e738bb304fc5b290e7b9453da6a5baa,0x76fb119f8639cff9567d3cac34b1317ea9decdfa,100,,25910000
0x7bba21d7daa7301f4daadf1960e2913a91ba2250,0xff5b0335e33e61b43c2778d36f6a862b34cc4810,100,,25910000
0xd366c0fbff4df404964a0302483293aa359b3b9f,0x4364bc14dae47bf7bc8868fb4433acab7fb67ff5,100,,25910000
0x76fb119f8639cff9567d3cac34b1317ea9decdfa,0x87c0dddb356e0ccf9210d7d3db12a5ff5914c2f5,100,,25910000
0x6ae8f6c2b0f40f572f43577a34bcc69a15b8aae6,0xd36cb32afaf64f867ebdf3e9a95d85fc20b97249,81200000,,25910000
0x05ee4291eb6545402cf44ae435e3d44d35a7c1f6,0xf863e0cc377e01003ac7bd0f7332a64f2a87861c,306216615,,25910000
0x8878f0a40c2f58d0b9f4fb03f426ff7b116867dd,0x3068aaa8e7e07693cf3066dd15f174f7afc30c40,999700000,,25910000
0x0000000aa232009084bd71a5797d089aa4edfad4,0x000000000004444c5dc75cb358380d2e3de08a90,151004726,,25910001
0xd4222c218810874c8ebcb615da17a771ef4d42c8,0x000000000004444c5dc75cb358380d2e3de08a90,417000000,,25910001
0xcfbdcc2c3c71351111de3714388f86b853568158,0x1ba192b57dc6264fc71bed2748e993f7661760c0,599000000,,25910001
0xcfbdcc2c3c71351111de3714388f86b853568158,0x9968f86863cd0b7ce2f965fba2ed2749aa36416f,1589880,,25910001
0x56534741cd8b152df6d48adf7ac51f75169a83b2,0x8f10b468b06c6fd214b65f87778827f7d113f996,5106784453,,25910001
0x8f10b468b06c6fd214b65f87778827f7d113f996,0x1231deb6f5749ef6ce6943a275a1d3e7486f4eae,5106784453,,25910001
0x1231deb6f5749ef6ce6943a275a1d3e7486f4eae,0x4cd00e387622c35bddb9b4c962c136462338bc31,5106784453,,25910001
0x63128aeabd2b402d7eaaf14d0c486d0d850d72dd,0x649cff819c7445233eafedd2260f614effd68b40,85000000,,25910001
0x1f259341d7faf5371a71b51c9a330bdbf74cd7ec,0xd7cc0609534da7cc6a4e959b03fb2b40de872f30,40000000,,25910001
0x1f259341d7faf5371a71b51c9a330bdbf74cd7ec,0xe3478b0bb1a5084567c319096437924948be1964,975607,,25910001
0x0067cc2416f792cf0ec5629f5506324ac508f859,0xd7d16452f8f36398c0194a37bb6751cf105d7974,257652000,,25910001
0xa1f114a58f5030841d9270b5d1b12ba0e0dd1fc3,0x1b8045234de7671a02204d12c9b61a40cef4ea83,281927221,,25910001
0xaa8ba7d4611437141192e7ceced531bc0a133efb,0xe760356ec7c8258539cc0e37f680c5b0266caa30,100000000,,25910001
0xe895d710ff9b0b75b1ac269499138682ebe09dda,0x18e296053cbdf986196903e889b7dca7a73882f6,111450072,,25910001
0xeb77bf26995c9694fa2cf825fdeea1f72bcd53df,0x18e296053cbdf986196903e889b7dca7a73882f6,528904000,,25910001
0x2ff9e36af9e661e76417495483477f76e1e6ff03,0x18e296053cbdf986196903e889b7dca7a73882f6,250000000,,25910001
0x11d7f4ba843dd83231ac76d598a940f5cc284248,0x18e296053cbdf986196903e889b7dca7a73882f6,1000000000,,25910001
0x56eddb7aa87536c09ccc2793473599fd21a8b17f,0x54966a2dc4ea65d9d837571585cada1f17e2fe23,51700000,,25910001
0xdfd5293d8e347dfe59e90efd55b2956a1343963d,0x7cf883c584ab097aafc8ed432edf8bbb6bf893b6,45096000,,25910001
0x9696f59e4d72e237be84ffd425dcad154bf96976,0x119669d69a3b9fed12f7becc1534d54baad8fc12,41050000,,25910001
0x4db384fbc1db0e41a6507cf1307dc20bea28fb5d,0xc229f8898bf7c6711350617810825634effd9a41,294393096,,25910001
0x55e82f244b879ac0fa55339dee2e01ad439c78b4,0x5b8d2b4acbc8021f38f63ae67b6dd24b4dfca066,550000000,,25910001
0x80f816ae67a0fdece85c918c653fa0e9d50de0fc,0x75a5a265d21bc89ec130f18edde2b49a4b200dac,77355785,,25910001
0x50ef5ed097913c223827636890cfb9ed492f5955,0x9c9c3d80f8e48fafd2c50a51407df7544fc6bc11,290000000,,25910001
0x50ef5ed097913c223827636890cfb9ed492f5955,0x3a7edfa566e5b26c49ee50d3eb856f5b8d4057a2,950000000,,25910001
0x50ef5ed097913c223827636890cfb9ed492f5955,0x09a483607a5b9823d5624ba22064f256e05d8bf6,675600000,,25910001
0x50ef5ed097913c223827636890cfb9ed492f5955,0x2b00fb6a1e04a3ff851aa8d55890467cf96c59e1,23250382,,25910001
0xa3222357a0eccf60c73606170be6c99adecb59b3,0x70e33c3f57b90a26781529de9b88fd7f73bb9f52,1495251315,,25910001
0xa3222357a0eccf60c73606170be6c99adecb59b3,0xb51437c6835e38d7b1a5c72617e61d96bdf26fc7,996750315,,25910001
0x6872b6630a3afcd3117191a8403c2002e13df7de,0xba1f6a1defaef173f6af69da1260441fbd8b1254,179771497,,25910001
0x89bf2125b56412eaa96d8e3fdfa35fe6d5928797,0x95f1ba5ab6efc583b65d99eb5ebf87f5dec6dc1d,2240960000,,25910001
0xc6acbee42e9e323140c1ed060c2f6ea9cc3b4b75,0x179ed466ac22996d4cccf98eeb4005994b7a34d8,763090000,,25910001
0x4ffb6e8c2985d52d9181cdc0e5e02365dfe8ef07,0x1e78bb3ccb12ba2935e1297e10a2318c5d63a211,7960000000,,25910001
0xde119e44cdc839a90f0f8ee156f7e4c628bd978d,0x89d8713579ee5ac46057f5b2d9b7b5b9991b3407,8088832,,25910001
0xbaaa5bf6cc1a69fbf37f5c1e95d8894b007efee2,0x9a6470f44e85fe39466cb4ab61c34d3f80896d93,30000000000,,25910001
0x5069008931fdd9ada584a4bb7b149676132f0981,0x40c41886fc0fd5716fec92317936d72627de2266,389080000,,25910001
0x0c47bbd6f09ccffdc69e508c2f08e02e590e0674,0xc7d127c52df34155b31338d18219e2e5ec31d416,11945552706,,25910001
0xa03d601efdbb15c52472165db348b680cda2e689,0x75a0cffbd7f63d1d313e9e5646d0f0381c52e01c,43000000,,25910001
0xf5044cdbb4acf047c56affab660a0515a00f3fb8,0x8465035504814cf7ca9593f3063d080925688826,598053253,,25910001
0xe57adc0e91123279c411a571f37072daf14787f5,0xb9afbddac010786cfd9b89115e1fb895e5bc164e,809700000,,25910001
0xbf57b867d54902350d45c4792035dc87540fa63f,0xb9afbddac010786cfd9b89115e1fb895e5bc164e,450000000,,25910001
0xc69df9edc4a0fe432fb3c45b989e994f6e661aaf,0xb9afbddac010786cfd9b89115e1fb895e5bc164e,394381826,,25910001
0xa8715c51920a2f077c916bc20281a487651e443d,0xb9afbddac010786cfd9b89115e1fb895e5bc164e,285280000,,25910001
0xdedb2d6660d5ba2508a4d76882bc991d70e6e700,0xb9afbddac010786cfd9b89115e1fb895e5bc164e,199400000,,25910001
0xb7e0647755b6f971c82e6d0bcc49c22efc839391,0xb9afbddac010786cfd9b89115e1fb895e5bc164e,185000000,,25910001
0xb54f50e5d81e58def9d15ce433fb7e808f8a65c4,0x37ed6fc553fa34d77bfa3a1201d22e0542a94ee4,150000000,,25910001
0xdc4858741e738bb304fc5b290e7b9453da6a5baa,0x8e32bdd7db087203be8e75783ab303244f7b4abf,100,,25910001
0xdc4858741e738bb304fc5b290e7b9453da6a5baa,0x273ea8bf2ec6ad1292c9a9b395249060dc1454fd,100,,25910001
0xdc4858741e738bb304fc5b290e7b9453da6a5baa,0x4ab6102786c4c91ca4c17a4238210a3e97099984,100,,25910001
0x8e32bdd7db087203be8e75783ab303244f7b4abf,0x4c78e50b50a6132eac63ea644e942896fe226327,100,,25910001
0x273ea8bf2ec6ad1292c9a9b395249060dc1454fd,0x7904c49fa6459bb127495a70b6c6fcb32e820d28,100,,25910001
0x4ab6102786c4c91ca4c17a4238210a3e97099984,0xf05e697a00027988b58b0830e8269e4eb3e34c23,100,,25910001
0xcfc0f98f30742b6d880f90155d4ebb885e55ab33,0x0a866cec7dbdf4f24a46a759698e034125ecab85,37480000,,25910001
0x99d7c3a479034f3af16c269bfd985908c7e4fdf6,0x630803f69660c8819fe522215efda6cfaae82419,39,,25910001
0xf8f3da661bd95ac466c1c22f1c5ce821171ea86b,0x490bc52b9ee41142828cd9471d98fb2ae1db527a,20,,25910001
0x39a574d079ea94209a9c4486236081145c7e25e1,0x0e25a8923772afb72e06c58f450387bfda7eca05,10,,25910001
0xbdc0c1a83be9c2d39bfe725fcfc1870763196f1e,0x2f8ea14639ceff697dfebea8377f7513e2970447,128000000000,,25910001
0xf26f397fef9f338b7502c6fc42aa18ebd1af756d,0x39c1a0964b3793f271cd33d477a751043e316c06,140147663,,25910001
0x31531968d263567b0b93494e888ee23fc41a41bc,0x3dd6d8d27fd2130a1e44b3835bee05f5e18e1d29,555000000,,25910001
0x8e354557b84fb4eea76df0e2316b02973896a142,0xf763d80fdaacd57ed362dcb5179e8ae6154469d8,10,,25910001
0x0ca8e8d976df3321f6ff0a8cca96536a51565c81,0xb4a9fb24440acf0de734bb043f8a511fed17a3b0,350,,25910001
0xb4a9fb24440acf0de734bb043f8a511fed17a3b0,0xe77574cda1c52d36727dbe9b711a0694be88ceab,35,,25910001
0x6f90ae234e648ae4d6b85bd4fbff74c56c5abb8e,0x4aa432958d901fc4ab5f7d6940d19edc64b962ad,28,,25910001
0x3ce8db23b183c3a03d3ee9cd228c319bb25a1f10,0xae2536a050a05ba46ebe1d29aa6dd8091af25724,20,,25910001
0x0ca8e8d976df3321f6ff0a8cca96536a51565c81,0x42419b3a1f6822ed31499b2b019d3966991b551e,200,,25910001
0x42419b3a1f6822ed31499b2b019d3966991b551e,0xa78ba3f4cf741681f7f986920686cead3d0ea5dd,20,,25910001
0x1ab4973a48dc892cd9971ece8e01dcc7688f8f23,0x50463ad7dce0f16f3279ee427bbbf6a8c3ea7fe1,15130000,,25910001
0x3df7f6c92fe0b8a7ccec36cc32690fc829d41224,0x83733c0c2f90eb5e3550f86776ac4836cd89a6da,96000000,,25910001
0x36feffb5fdafa34d7b0d0076c2681a2ea95ec63e,0x84926914000d26070357d80ef389fc023d6a7515,189910000,,25910001
0x52cca687dc3342e0697d3676c58fc37b82a4573b,0xc55b68e4e97a945b150c0c6865a3cb4c22ccefd4,151,,25910001
0x493af192010930f3fb40879f3eb654b672d33ad6,0x6fe39f2831caf58529779efdb73341aa64df50ab,282083800,,25910001
0x90f7f5eefe90f5407ed8b7d13363f94fc73674da,0xd88f19f7b82013b8c15f7106e6b556b92d43d128,21000000,,25910001
0x95caf1685230c3371683baf9ceab89e0ce23b209,0x2df9b935c44057ac240634c7536511d8aa03028d,19873453,,25910001
0x38af7a98423a54ba9aa249d38eb3da19e842a6fd,0x2df9b935c44057ac240634c7536511d8aa03028d,53200000,,25910001
0x07ae8551be970cb1cca11dd7a11f47ae82e70e67,0xd2bedcd3e802a2c7a58f7ffb28a6192ff214852a,9868619,,25910001
0xc716eafb214caa0aa5cc5957b8465a1a9cba8643,0xae38b2153413f1f8438340963f298e39e3b25e04,361700000,,25910001
0x75896ce40f710dcab122eb4724358c1d985028d7,0xac6cd7d52c1aa5211baee83effbf0622f9fdcb4f,1665700000,,25910002
0x28c6c06298d514db089934071355e5743bf21d60,0x6f4a839ba9566558b39c404180b114bae0778cf1,100000000,,25910002
0x0d0707963952f2fba59dd06f2b425ace40b492fe,0xdc42461ef8e9abe0670012fd92342ce819b749ed,120700000000,,25910002
0x40f606f37fa0528a6d62bc998179fa6ea09b41f9,0x84e10c2a2c7a06afd79a8425ea6c1b265f073abd,17200000,,25910002
0x40f606f37fa0528a6d62bc998179fa6ea09b41f9,0x4b742ad5ca91969e82aefb80072ae59121a3d72a,75184,,25910002
0x4d68b530920d26c3b01c99fecc19e21011b72bbd,0x278d858f05b94576c1e6f73285886876ff6ef8d2,190605102,,25910002
0x000000000004444c5dc75cb358380d2e3de08a90,0x63b2d3b0a26c1938bb0ae9779b96073946d4e4af,12660537,,25910002
0x63b2d3b0a26c1938bb0ae9779b96073946d4e4af,0x3e0954d9b32f823aff2f66173ffed5f453dedd93,12660537,,25910002
0x40c41886fc0fd5716fec92317936d72627de2266,0x6872b6630a3afcd3117191a8403c2002e13df7de,841160000,,25910002
0xb4d8cf8dcd95851aca28f81fdb9299205defef10,0x2cff890f0378a11913b6129b2e97417a2c302680,257725000,,25910002
0x1e2187adaff5b8cfe6b2027388e7e79d3b42e46d,0xbde1148eec7b6939f6d6ccf9aaa020f3c0bcc180,9700000,,25910002
0xfca5667b8ad4eb9c28d2ea9db49a86315efecfc3,0xde119e44cdc839a90f0f8ee156f7e4c628bd978d,5474516,,25910002
0xf70da97812cb96acdf810712aa562db8dfa3dbef,0x3f9f7c384778c2674838962fa2a31be8e1fbf4e8,5106766994,,25910002
0x48390fee6f4b95734e6a5ce8b17b341c12cb7e5e,0x46249fb7f8c77cf49d53ac7cd6d3b5504d21ef6d,2400000000,,25910002
0xb84abcb9a0fc4a76534c9331675fa2a1fe9f37e4,0x36543d9d127da5e614fce33fa3eba7211439ec69,3891060000,,25910002
0xffad8a07a0885862d21415420c1d64019319dc67,0x2f7ee9aac89c56bb3324ab9ba2c1c04edb186ba5,415800000,,25910002
0x548c2b7cc05a06c0a12a73bcb1e05a31f1cf00f3,0xe6232e225a49992d2c276915a9563484a986de9f,472,,25910002
0xdc4858741e738bb304fc5b290e7b9453da6a5baa,0x7a7a3349f7ea2cfbb96de8da51d257f33868bc7b,100,,25910002
0xdc4858741e738bb304fc5b290e7b9453da6a5baa,0x7576c0d608d17c9bff2a3023db4532e49fd9bd02,100,,25910002
0xdc4858741e738bb304fc5b290e7b9453da6a5baa,0xd96c3a20b5ffcb3d3389c9ea027f5b985e2a198b,100,,25910002
0x7a7a3349f7ea2cfbb96de8da51d257f33868bc7b,0x08ec0883dec73e786ccf01461e4e543e23a731a7,100,,25910002
0x7576c0d608d17c9bff2a3023db4532e49fd9bd02,0x3e93891fc3ce7b60e6b31407209997707b48fc13,100,,25910002
0xd96c3a20b5ffcb3d3389c9ea027f5b985e2a198b,0x4dec502cc1d23d95b8afbb1b9ee3f5e5639a6b40,100,,25910002
0xc618278b8dc7603e3af04e9d068f3a8fe58f88da,0x3b659a95a86af459084bedcf60df43983153dfb4,30065000,,25910002
0xc618278b8dc7603e3af04e9d068f3a8fe58f88da,0x7a956fd329d0c616f2d1dde98bb35694f397df46,109806,,25910002
0xb9afbddac010786cfd9b89115e1fb895e5bc164e,0x76a948b49cb6402635c2335a3d6a0046dccf8243,898750000,,25910002
0x2f8ea14639ceff697dfebea8377f7513e2970447,0x082d2397c5e3c5300d31f52bd056169882b8ba1c,450000000000,,25910002
0xac24205e71024194bf900841d6e4210b3e58e072,0x1ab4973a48dc892cd9971ece8e01dcc7688f8f23,30000000,,25910002
0xba9b379de065f61afb6d87d221cd572259ed4cf1,0x9a61a8bba8e09ceec74e41b10c7f02646eaf8d91,650000000,,25910002
0xed2922d01408dfca305be152bf0ec9672deb34f9,0x38e3312bfe8b53a5d84de255497f4f17c091a03c,1000000000,,25910002
0xeeaf2512ab2502fac4507481b00b67b57fcdf3c0,0x2b5c1ef59db873975a3b9b6528c5448b1d028bbe,100000000,,25910002
0x3b95966ee755c9c78fea57504cb09156daecc5c1,0xae38b2153413f1f8438340963f298e39e3b25e04,10000000,,25910002
0x93228d328c9c74c2bfe9f97638bbb5ef322f2bd5,0x4ad06abe5861458a9543318516e6902ccbf170dc,100000000,,25910003
0xaa8ba7d4611437141192e7ceced531bc0a133efb,0x6d5ad9d151ed1140c4a248dd8116e7648c1d6b2d,12545220,,25910003
0xc661a81215463a018fe9d0216f988706b83faa00,0x14fc88d55ab4aabdb62dfd1f8d5d2da097b6d367,4000000000,,25910003
0x559432e18b281731c054cd703d4b49872be4ed53,0xf17d9a7a75098c13d741d56eaa5aa188b0bc48fa,150206000,,25910003
0x559432e18b281731c054cd703d4b49872be4ed53,0x2ef5a6caecf8eee4e686bcc40a573b1d006847da,149800000,,25910003
0x559432e18b281731c054cd703d4b49872be4ed53,0x793f949a1960c166a21922dc081b44de6813be89,1000000000,,25910003
0x8f8d1206d1bce12ff892731f8a140ed18b93884e,0xd88269f4fd8fa85e1b09d5ab9dee25783f926585,33560000,,25910003
0x56eddb7aa87536c09ccc2793473599fd21a8b17f,0xbb18b417dab3af9963e1cd6ec961ee5e87b7344c,499691465,,25910003
0x28c6c06298d514db089934071355e5743bf21d60,0xeb5cc6888894e765d55b0816485c36ff1c73350d,102330000,,25910003
0x9696f59e4d72e237be84ffd425dcad154bf96976,0x6351f05814c9f1926193fb8487556bda8a5df998,15040000,,25910003
0xdfd5293d8e347dfe59e90efd55b2956a1343963d,0x2b1da9faa5ece86389ae43f0c30f5ba2350c0882,69700000,,25910003
0x21a31ee1afc51d94c2efccaa2092ad1028285549,0x326ee4fd01b8d13b62b1f363f23521cf6720f739,100000000,,25910003
0x64cdaa89629fe003eaa31b480d8b63372d109a53,0x55528264f522bd8916e288e9dede857d4cdb03b5,1070709762,,25910003
0x892745942a4f2c9a0d92f461c89f97818d8df140,0x0889e9327b98d7d1be3c301a4585ff3330502c9a,50000000000,,25910003
0x0889e9327b98d7d1be3c301a4585ff3330502c9a,0x35c9a4dae1ff05788f24b5b32721d89340cbb636,50000000000,,25910003
0xaad927ee53671105b6d5c6aee10cfb1ca29e4c8d,0x0b00dae55f5c8264a0ab918e31305ec9507b6503,6000000000,,25910003
0x0becfa312cebe6d2188218c86b848f4b89519b8f,0xa72c6583283cd450f662454c405d2ea6c1cbe2f2,99000000,,25910003
0x0becfa312cebe6d2188218c86b848f4b89519b8f,0x4b742ad5ca91969e82aefb80072ae59121a3d72a,93166,,25910003
0xe3d41d19564922c9952f692c5dd0563030f5f2ef,0x4997db14d45af82636f4f1cf73658d0316fbe8d2,231831089,,25910003
0x4997db14d45af82636f4f1cf73658d0316fbe8d2,0x3d90f66b534dd8482b181e24655a9e8265316be9,231831089,,25910003
0x3d90f66b534dd8482b181e24655a9e8265316be9,0x73691cee20db22f55a6fd0d5948ab00e0fb973b1,1622817,,25910003
0x3d90f66b534dd8482b181e24655a9e8265316be9,0x2d5269aba1fa2a14dc4a24e59cface4de5238347,230208272,,25910003
0xe6efb34968345222b42f2f28f624de9ad14994e6,0xc7bbec68d12a0d1830360f8ec58fa599ba1b0e9b,51000000,,25910003
0xe0e0e08a6a4b9dc7bd67bcb7aade5cf48157d444,0x0889e9327b98d7d1be3c301a4585ff3330502c9a,298596235,,25910003
0x0889e9327b98d7d1be3c301a4585ff3330502c9a,0xf0255bcfd4fda45419658cd5d57eaa2400f1f117,298596235,,25910003
0x1de5e8ce89d1edd4191ca01063dd9310427ae357,0x1f2df89a77dc3f1da2e272b4e7dd70a4beffbd10,10020000,,25910003
0xe470bcfc4e5f8720c8ac5c59e3e3f23938d2c261,0xe123bf41d5898a2c64bfd5a28eebba1e4fda9cee,1004800000,,25910003
0x9fbfda02c824a26875be56cd4948a5ac2ffcca36,0x7f145820719e052ed0254263a648c818abc899a2,10000000,,25910003
0x50e207ee5f1ac0bde292c34793a460e507f66440,0xd0ced1f8d63b11d013775b21e8fb090f49fe385d,67000000,,25910003
0xd55ea72f05fb4611062ccace33853d76c14caf53,0xd789c6269b5f88bfb37131c1ad0f288cf8e8370a,245700049,,25910003
0xdc4858741e738bb304fc5b290e7b9453da6a5baa,0xc5b876fc55ab3ba70e4ad9ddd69a1ecff4c2fda4,100,,25910003
0xdc4858741e738bb304fc5b290e7b9453da6a5baa,0x1374fc3b66dc329ba07de111738c03524a4fe0a1,100,,25910003
0xc5b876fc55ab3ba70e4ad9ddd69a1ecff4c2fda4,0x9ce3a1e5f3ee792e73a5dd4d4e5c3a3ade6a1b25,100,,25910003
0x1374fc3b66dc329ba07de111738c03524a4fe0a1,0x0d269e349a0b80a6a36b73829d123cdedf912484,100,,25910003
0x2059bde5edf4460f62a79c33d784976179853a73,0x39438029a2c0f789635bfba756442002c185f7c1,2000000,,25910003
0x2059bde5edf4460f62a79c33d784976179853a73,0x7a956fd329d0c616f2d1dde98bb35694f397df46,127211,,25910003
0x69d778bf4650e5f94bb2a8e44774611a87c57eb1,0x089fde23962fd641d9fe92890a6b30a0ab0238ae,300,,25910003
0x14a4bb01fa70b97761c9dca76c7589c410562fad,0xdaaa80ca3f2718b1bae4528518e8d02a1dc92d2a,300,,25910003
0x41a67a1a554afd99d8289fdedb44160d3e1b4d2b,0xc6acbee42e9e323140c1ed060c2f6ea9cc3b4b75,640,,25910003
0xc80492a34c3272974bf80ce084e5defe4cfda5b7,0xd6286de30d94df3939f803f3a9a3967b286df290,720,,25910003
0x74434459edce00bfb9bd2d4e0cc631b2613a9d14,0x9e5d5f4d0b49e040e1b7e9108cb5374e13a2a0a1,748,,25910003
0xc19d2a411ee9f9301b38a312c6614ec388a6d0f3,0x44e63e9fdfa9a913b78ccc5d1b6dde1dc542fc44,299,,25910003
0xf7c892e4a3887b0c1b9dfc0ea2114c73d0952b57,0x23e9c82ebc8308ab4b189372bd534e1932669894,475,,25910003
0xd77b51bf713dc2da138c4f50536a80b522cdd5fa,0xac7b1b390becb677db28041c29ff86374afd861c,400,,25910003
0x81121da1e67501972c95ff452a0a628e10b06cb6,0x6fa1ea065431c5fe3a427c14d3f317d4f718e582,421,,25910003
0x2cb120d5a5ca5d7b51f13e76297beb5b1e37b821,0x6872b6630a3afcd3117191a8403c2002e13df7de,105,,25910003
0xe059c8526061c38714b6a277a231b11b62d0b9f1,0x1404cb046c3b4a90490d80b52eb367245e316b21,232,,25910003
0x364e437b7c1d95a4ed413f45e1cc3ccc1b220b71,0x3a6d912b7be7e75b3bfda5e73ec6311157de1956,100,,25910003
0x82b30666d0c6ce060d0a674f602fac8b0595a500,0x6872b6630a3afcd3117191a8403c2002e13df7de,253,,25910003
0xe624963b50a1e179fa057e04faae911bf5277815,0x8f8d1206d1bce12ff892731f8a140ed18b93884e,160,,25910003
0xde92dab2a369a95c9c8d57ebcc2caa2538117aaf,0x1d6d074c711ec1a4d79456eaf7822c8e6c1801e5,110,,25910003
0x62e27e91ba4606a7f2ce92dacd284f1e8186f2b1,0x1d6d074c711ec1a4d79456eaf7822c8e6c1801e5,103,,25910003
0x56ab8298e0e07711d3aea81aafa1d7714d855e65,0x93ab7ca84b7210b0ba30ccc9b555d48adb9518bd,150,,25910003
0x2ec4811112fa23e9c7b7b3ade80522633aa71082,0xbfdb28cce338462f9bfb8d041e1cd5671197e23c,143,,25910003
0x510eb08436aafe08cde237d57214747615a3e3d3,0xf683f48dd2920c0aedd88ff068e5bfaaef83540a,116,,25910003
0x1451e064eec60dfc8a6d89cb8d754bffbf884ef2,0x0e0fccc9e18f36a3c83dbdf4c0121c8580964eca,100,,25910003
0x20111df3b41d147f7f45bb775a2034afc3ec7adb,0xb21b7c28c5befc80d58b326600305cdd62a4a58a,146,,25910003
0xe9b3433e243df54fb4d62a117aae10ad478aa2d3,0x20ca02e4323a0080530bb56942253a8c4473d8e9,100,,25910003
0x607767bd96dedfbc1dfb12036eeba9ca64ff97da,0xc49400e12b1fe3ca24dab3e27b8556e62ab727e3,250,,25910003
0xaf9193f5b0c822ea68ef59fee3739edd8cbdf76a,0x47168df3c60759baac5054fdc034003f010062b4,102,,25910003
0x935d2e470284fb536227a76a723f96a94efae6a9,0xabe8864a59620c6075931c241b06327dd7c8e9b6,52000000,,25910003
0x935d2e470284fb536227a76a723f96a94efae6a9,0x1cf15b96aadb83a6d33fec18feb2fd94c0107c04,4970312,,25910003
0x477b8d5ef7c2c42db84deb555419cd817c336b6f,0x394579b3cb6ef284edf4343c65ec900d9a46008b,1640000000,,25910003
0x0ca8e8d976df3321f6ff0a8cca96536a51565c81,0x10521a348b3c4aca4c9f807fd0d2445e11db2216,50,,25910003
0x10521a348b3c4aca4c9f807fd0d2445e11db2216,0xa02102cf93564d4c0606ed1a1a8711c1dfbe6e48,10,,25910003
0x0ca8e8d976df3321f6ff0a8cca96536a51565c81,0xf8e41719ac807759f86b414dc09b844b2fed9294,90,,25910003
0xf8e41719ac807759f86b414dc09b844b2fed9294,0x1a39d0a756231e60d93c462397301109690ab8a8,18,,25910003
0x0ca8e8d976df3321f6ff0a8cca96536a51565c81,0x94df4f8e48fe351ccc3003793eac73fe58ed5f1a,100,,25910003
0x94df4f8e48fe351ccc3003793eac73fe58ed5f1a,0x7445f316da94300b54c231b290b66d3e1807df68,20,,25910003
0x0ca8e8d976df3321f6ff0a8cca96536a51565c81,0xb59f8d6fe25896a48eb2a608a77ecdcc8e164661,70,,25910003
0xb59f8d6fe25896a48eb2a608a77ecdcc8e164661,0xe217a722d15cffe975cf2f543e7be08660d77573,14,,25910003
0xe8f5c3ab1db7cf0ab5d8f3b5de0631f10224935d,0x806f8b512c39ac1b177864eaf4dc473faeb7dcf7,99,,25910003
0x0ca8e8d976df3321f6ff0a8cca96536a51565c81,0x95e01bcd8298a08cb5670dad5536fc2fc72f84f2,100,,25910003
0x95e01bcd8298a08cb5670dad5536fc2fc72f84f2,0x5c0a8a39603d4fa3ab6a0cebc0485331c010626b,20,,25910003
0x0d079cc64b8ddec153c37955c5c16b50945492fe,0x77dddda77e5bd40a3b5f9468a05247a224b50b9c,10,,25910003
0x477b8d5ef7c2c42db84deb555419cd817c336b6f,0xd7e33fe403c51890c2206d879308ecfbcbb06f2e,31039616,,25910003
0x477b8d5ef7c2c42db84deb555419cd817c336b6f,0xe1e6c132c0f08533f5f935aac4bd4c64bcd611c1,3454643897,,25910003
0x477b8d5ef7c2c42db84deb555419cd817c336b6f,0xc0e27ecf68d289cf4a2e964d2bde9c20672570d6,313986176,,25910003
0xa78b912ac6e21e6fa8fa4e17f105a50a01234b40,0x3d0426264489607346d5b15cdac534c0d7e05a5e,18500270000,,25910003
0x016606acc6b0cfe537acc221e3bf1bb44b4049ee,0x4c99ebdb0323f115ecb3fc667b091c803d406683,40340879,,25910003
0xae006d812173f8cedf5384018a12949d0d33e670,0x040c9620069c71dc571974e2b2249921bbd71f42,49981732,,25910003
0x73d5b4b4ac2cd07d2a110e5857d9f4c1b7c6b798,0xc2a5843a082209ddd3aa62150a83d5e59315cc61,6060000,,25910003
0x559432e18b281731c054cd703d4b49872be4ed53,0xce70a018bb94ed9d11cb8c9136dad47cfc3e5337,10000000,,25910004
0x559432e18b281731c054cd703d4b49872be4ed53,0xb3a8687fa2f6c3e4827ebc11f4a288517bf59e31,5000000,,25910004
0x559432e18b281731c054cd703d4b49872be4ed53,0xfa0e9f7385732a89b2f995da73c7f4e4ed8e69cc,74934000,,25910004
0x559432e18b281731c054cd703d4b49872be4ed53,0xb2b79cab670e50d12b515383d3b8aa5339ace954,39040000,,25910004
0x559432e18b281731c054cd703d4b49872be4ed53,0x1bd78555a37386a126f34eef75fda7d3d1a6eae8,4070000,,25910004
0xaa8ba7d4611437141192e7ceced531bc0a133efb,0x12d987758f331a432b8cf8ba768d9d685f43de0d,95897927,,25910004
0x30f6573a2bf77dd2c4150c00d903c332d2e3d6b4,0x4cd00e387622c35bddb9b4c962c136462338bc31,10031811,,25910004
0x8f8d1206d1bce12ff892731f8a140ed18b93884e,0xac352d2ea7e4b95c52808b018a9217963a923c64,13530000,,25910004
0xd8bea7ae79e28778ae5caf67d076fc4fbab043b3,0x546ab49335a6571f526687f697ed4723444e7b58,300010000,,25910004
0xc6acbee42e9e323140c1ed060c2f6ea9cc3b4b75,0x95acc0d83c0fb93e3d66c098c47bd386eddc3463,1923910000,,25910004
0x4ad16160c1219889f39662099cda6444defa1019,0xba697597c34751abbc4d990fc1949ec8eae18b48,21200000200,,25910004
0x56eddb7aa87536c09ccc2793473599fd21a8b17f,0xdfd352b538d67e8124c78b004d05d23e109df220,50000000,,25910004
0x56eddb7aa87536c09ccc2793473599fd21a8b17f,0x0340aa999f21f24133ba90cd685d3682f2ec42ae,309700000,,25910004
0x21a31ee1afc51d94c2efccaa2092ad1028285549,0xb983fbd9b38696f5668e22c22d4fd74987b7e6f6,200000000000,,25910004
0x21a31ee1afc51d94c2efccaa2092ad1028285549,0x9a22477bd09195756e1abb876d4ea4563f2480cb,31492000,,25910004
0x28c6c06298d514db089934071355e5743bf21d60,0x0fc27dee087c9daf7e7e57fe04dc9617561d2027,500000000,,25910004
0xe472e5d06b882363b0fe46cbbdbe7a10bc1a3ff6,0x64cdaa89629fe003eaa31b480d8b63372d109a53,743000000,,25910004
0xa9d1e08c7793af67e9d92fe308d5697fb81d3e43,0x31816605d544f1ae3afb70c967c1920e34be7202,80000000,,25910004
0xa9d1e08c7793af67e9d92fe308d5697fb81d3e43,0x9bcafa369f052c3bd39e9a103729bbb0af12e382,200000000,,25910004
0xa9d1e08c7793af67e9d92fe308d5697fb81d3e43,0xac2ccacfde99a0e2c7a3d18f95c0c087bd1cf296,99324543,,25910004
0xa9d1e08c7793af67e9d92fe308d5697fb81d3e43,0x11e5eb21cf2e903fe7996434ae6227e78611d1b8,47271044,,25910004
0xa9d1e08c7793af67e9d92fe308d5697fb81d3e43,0x8a0245cf2c1a0f0a0063e58d0d9709385e4f9294,113559529,,25910004
0xa9d1e08c7793af67e9d92fe308d5697fb81d3e43,0xc33a7419e06a7d3de69635bbb8e400ddbf822d00,14999850,,25910004
0xa9d1e08c7793af67e9d92fe308d5697fb81d3e43,0x48da0b9647f1a441ac92a40119568e46063b16c6,56765144,,25910004
0xa9d1e08c7793af67e9d92fe308d5697fb81d3e43,0xd7e6ff8fbbb360899ebb59621e691ee62959c8b9,9334149,,25910004
0x300f21133b622ec2f474313320598acc773c63ae,0x64cdaa89629fe003eaa31b480d8b63372d109a53,23260000000,,25910004
0xbee3211ab312a8d065c4fef0247448e17a8da000,0x74de5d4fcbf63e00296fd95d33236b9794016631,105227415,,25910004
0x74de5d4fcbf63e00296fd95d33236b9794016631,0xf326e4de8f66a0bdc0970b79e0924e33c79f1915,920739,,25910004
0x74de5d4fcbf63e00296fd95d33236b9794016631,0x51a3c4623b1df27eba1958cfbecfcc4f317b8aef,104306676,,25910004
0xc7bbec68d12a0d1830360f8ec58fa599ba1b0e9b,0x28bf6006d87de7f44445905aa4f5cb8c0d8cba02,56469941,,25910004
0x28bf6006d87de7f44445905aa4f5cb8c0d8cba02,0x337685fdab40d39bd02028545a4ffa7d287cc3e2,56464880,,25910004
0x337685fdab40d39bd02028545a4ffa7d287cc3e2,0x40ffe85a28dc9993541449464d7529a922142960,56464880,,25910004
0x8e6fff10163721548b19d91c05bab540a914f3f9,0xe7630a8901465b96ee02b2b80ee09dad91cbc933,60288000000,,25910004
0x4d68b530920d26c3b01c99fecc19e21011b72bbd,0x278d858f05b94576c1e6f73285886876ff6ef8d2,206320694,,25910004
0xff29d3e552155180809ea3a877408a4620058086,0x278d858f05b94576c1e6f73285886876ff6ef8d2,56568156,,25910004
0xafc62b71c060a626acfde0f0c6144f88b84566cc,0x2cb60562ac6495ef042ce82e809b1dd18c905e82,14297811,,25910004
0x622b791c5d2463c00fe40e4cd00149e6b5b33b39,0xd167be948c97d94a907305236589f005e3b8c168,1200000000,,25910004
0x622b791c5d2463c00fe40e4cd00149e6b5b33b39,0x4b742ad5ca91969e82aefb80072ae59121a3d72a,68954,,25910004
0xc7959c709d082ee37475ff573048e279cc7507ed,0x9642b23ed1e01df1092b92641051881a322f5d4e,104940000,,25910004
0x35c9a4dae1ff05788f24b5b32721d89340cbb636,0x8de0d3ed331ce1f29c8df04726d424a015f38de9,33531816088,,25910004
0x8de0d3ed331ce1f29c8df04726d424a015f38de9,0x7718360ead37485836e7fa69deae10058813baf1,33531816088,,25910004
0x3ccbca52240c4d67ce1ff9434cae20ae2eff0e34,0x3ee6113d846a7edc61d45bb7b56fbc08d2eb608d,160000026156,,25910004
0x0e609b710da5e0aa476224b6c0e5445ccc21251e,0xfcaff3690ec74eed1d4d546ca0aca21c5a814ff7,106388390,,25910004
0xf6d750d59e6aa03ac3dd5604316660ede786427f,0x8d7512e58f41274d4d9b123c0f8a2a5572b8eabe,1152461,,25910004
0x8d7512e58f41274d4d9b123c0f8a2a5572b8eabe,0xb6d629cb247333dd5e273b75741c55dfeca6f6e9,1152461,,25910004
0x6982e55478be75f14032d5747671f940176ec8ab,0x3a5cc8689d1b0cef2c317bc5c0ad6ce88b27d597,30660000,,25910004
0x3651fd8819ded3bd21dc7d0025c4d918fafb0445,0x60c09af535fb1e9993a3906a635434dea4db0149,379990000,,25910004
0x1144491ab0f08fb0ab21927fd0202437cdb49217,0x03a3633b5a3ff5f8efc5fd9945ab49a60fb6c638,12150000,,25910004
0x1144491ab0f08fb0ab21927fd0202437cdb49217,0x6d4f97929efaf1b3b2aaf4e2f222308039423338,98771,,25910004
0xd87c7f1fd4bab9d16929fb6a19d3f0183b88c2cb,0x06e830f11fa7f625819ceb7df1f403de1633c890,225,,25910004
0xbb314faffa81ac02c6507c5ca802608b884da220,0xd80c859f372fd2cae634a29fa82d1feae79c4e68,220,,25910004
0x0e6bb7914b7934f92df551a03f1aab004c9eff82,0x51dbd97fa14f4d78f8afc2e92a692a9e087efb5c,121,,25910004
0x5b6716f633c976829295c7c13ea42b7c29ca68f0,0x50ef5ed097913c223827636890cfb9ed492f5955,800,,25910004
0x5d78ea76b06d861b9a44b6ef2c9bfdeefbe0dbc3,0xf5b8d373a516a1d41f1860cf6f61352968e0738a,178,,25910004
0xcc7a3a97f8d99a0866b42c722adf87486735c5f3,0xb587b9ccf7a376a9b25eac58539c0e619f885eb9,130,,25910004
0xe4a52ac441346739cbd7a9d56fb0d67e3285c411,0xbc3fcf7722dd4f6f6b2265e3739de079247f401d,727,,25910004
0x045d0c9ba027c8caabe7d6f41e926f9f875b0bf0,0xb9e1941b599a6a5180f4337f7ffc914d52abafbc,748,,25910004
0x072ff783f6300be6f4de2ec7054854f45afd6438,0xdc32dce6b2633eaffeb6d1a9db9e50d87820ea15,748,,25910004
0x37747cbc91ef7ba61c13eceeceb1c8b089cb6711,0x7608aec357eaa59c7337ea319221f35c206d842e,300,,25910004
0x695494d2e47fef2b1b793cf0952361a53fceae92,0x6e4439c029b94a66bf9549df6f4dafd390d98768,255,,25910004
0x0fe2e417280aa6bc14ea1d0f27359452ae5e080f,0xb9afbddac010786cfd9b89115e1fb895e5bc164e,618,,25910004
0x24294400b68c066771d56092cb1a162ce4d4afc4,0x64cdaa89629fe003eaa31b480d8b63372d109a53,171,,25910004
0xad1de68853ae4dbe4e1326fb6da048a1c1cc3d8a,0x86bde338af5f08941a23929ded2f7996c51576b6,116,,25910004
0x13f7dd135626a3fb064309ba685e3182059840e3,0x850693b0a88a854769c2f1f1d7ca8a5f0aab4e2d,500,,25910004
0x11afc9912cfce7af736fe5e307e094a06062bb56,0x64185e37da22560f47e1d808e69cd5938db80b82,254,,25910004
0xfc24505e5fdfdbb02305fb1a345d20cfede7f712,0x44e63e9fdfa9a913b78ccc5d1b6dde1dc542fc44,155,,25910004
0x4998de86ea035ab856177d503332d68985a74191,0x36be9e6499223b21c220bdcf662eb45efa13d5e5,383,,25910004
0x0d02db9819cc83ffbcc4873868c3496a4486428e,0x89ad78feb40769d20fb3d97229eaf07d6ffcb277,500,,25910004
0x13b8331d22250c38997771c867fdf5d4e0da3c86,0x2a60c3fa4e8a084b3a8bb45c93711beb1aaa5ad1,950,,25910004
0x69d778bf4650e5f94bb2a8e44774611a87c57eb1,0x089fde23962fd641d9fe92890a6b30a0ab0238ae,200,,25910004
0xa69825a1359ed1df38bfffe91350be72e7ecfede,0x1404cb046c3b4a90490d80b52eb367245e316b21,148,,25910004
0x5ff90b6c5a5739521f9a18e49a42b21170a9eea3,0xf7d54efc0ae22342d78af913ef797917fc280d0b,450,,25910004
0xec9a219b9e172bfdf7592dfcb83b7a18bbca6ccd,0x44e63e9fdfa9a913b78ccc5d1b6dde1dc542fc44,149,,25910004
0x2ca5f967785576f6b8719c4d68db854929bda9fd,0x1d6d074c711ec1a4d79456eaf7822c8e6c1801e5,171,,25910004
0x5b815f399df89161bc20d614158443c46cfca066,0xa406e08a7223448b829eed69dc662464eaa0fc85,170,,25910004
0x4f54571e53e1827e33e712a6a1b3a42cc17c3a05,0xd47a1bdc6872ad2fd16e50149baa9924c653e624,150,,25910004
0xe2294018379af23978923ce079f06be695d80ec1,0x6524f07267d98b198d647143003c835e2d870ed7,420,,25910004
0x3b8316338e34fe317045d94381e05f01e8b9ca35,0x2ca50f62b80b69c99aff12e899cd28d3ad003a8f,507,,25910004
0xdbe1593066ac70ac05372adb2c74033126e23b1e,0xf17d9a7a75098c13d741d56eaa5aa188b0bc48fa,300,,25910004
0x2eb62569b199f8f46f1337a73bd79a1affc1ed49,0xc3985a8c2203f5d48487c5d10089a3b98732d835,190,,25910004
0x0edfaaa1afee1c9a18bccc136ee1ef062aeee030,0xfedd0447b31f5ba41871a127948f0397d6be07c3,120,,25910004
0x52dd2e4b1c73818ed9c439f4ce78623610a51651,0x6872b6630a3afcd3117191a8403c2002e13df7de,942,,25910004
0x7bb07cb946f5c446073c46c22250eaf175bf9057,0x58f298e3bf930886ab7639f4d71f892d5f1f0214,300,,25910004
0xeeadb3ce60d93625b5eb31a49f18d32e1005a690,0xffcd61f69b8d5a224ade7026fdec21639825ffb5,100,,25910004
0x2d2ebfce3691e61d02457c624c573174f7b9eb7d,0x77c4f553d4a59ab418a3e1e81232490e2b634c04,164,,25910004
0xd041beed502859880f8259f29241b837a03a1add,0x10a87e799c8d671fecba458bb49b39ab91b6e7c2,509,,25910004
0x889041189cda40268f6809c27d50dc45279efbdf,0x3b897b5433874ac1b314f4d3d1b158a5d2ceebd6,410,,25910004
0xfea721ffa971fea10cfe68c92e6702e0d41db336,0xc6acbee42e9e323140c1ed060c2f6ea9cc3b4b75,200,,25910004
0x04c48f1f74076551d1f936aaff2904028d8fd33d,0x99bbc400815901cd28b2324bab06187f13067eab,501,,25910004
0xa0938c53001249f2cf1fabb0d745b3dbb0d30e54,0x6872b6630a3afcd3117191a8403c2002e13df7de,168,,25910004
0x480f18f5839e67252fb598d94575827326041952,0x1404cb046c3b4a90490d80b52eb367245e316b21,260,,25910004
0xaba420c9beebb10b990a79520ef35d8db840ccd9,0xdc3b5a335096eda3aa80a84d8008ba55b50d8314,300,,25910004
0xc0509696f09ea055a1657b0aac699ce57e092144,0x64cdaa89629fe003eaa31b480d8b63372d109a53,948,,25910004
0xe3421812de977beb984dbf85bfded1e6526e1964,0x3384968ed51f8281e6e6d32dfc7868a5597c4874,100,,25910004
0xbb88db06bf796227dff816f65a275ed051cebf04,0xd04dca2a63a997781daa81e66bee14c083da1add,300,,25910004
0x83dd53297fcb54652ab9cc561f884dc490478ec7,0xe4ad11a77705040ea3fc5ddc0f0354cf2f504554,720,,25910004
0x7bef16275a88bd9c3004dbd0b85da65b08705c24,0x1e7ef5ccaf64aeee37e7edb4526da890a261fe70,8010000,,25910004
0x31531968d263567b0b93494e888ee23fc41a41bc,0x3f4cf485639fb919329ab6146c109ba62d5f65c7,200000000,,25910004
0xdc4858741e738bb304fc5b290e7b9453da6a5baa,0x78ac617c9e601d741b8a1b36eef49825ce2dc79a,100,,25910004
0xdc4858741e738bb304fc5b290e7b9453da6a5baa,0x42f53c28eb5e450377ba86eb0ca6e213c6bcda9a,100,,25910004
0x78ac617c9e601d741b8a1b36eef49825ce2dc79a,0x08ec0883dec73e786ccf01461e4e543e23a731a7,100,,25910004
0x42f53c28eb5e450377ba86eb0ca6e213c6bcda9a,0x9cec3d8a8cba03272b30f3fb09ccc4fc35509c6a,100,,25910004
0xba1333333333a1ba1108e8412f11850a5c319ba9,0x81463b0f960f247f704377661ec81c1fd65b5128,5288326,,25910004
0x81463b0f960f247f704377661ec81c1fd65b5128,0xc7bbec68d12a0d1830360f8ec58fa599ba1b0e9b,5288326,,25910004
0xf5d0080afa51effeb93c808f981c5ad19560c14a,0xac6cd7d52c1aa5211baee83effbf0622f9fdcb4f,12430000,,25910005
0x3e411073e9c6805243acabc0477af8f990b06594,0x43fbe818bd892fc96b29ec9f2682b93b55e7424c,28200000,,25910005
0x35a1b99e9fcad7103516e9cbe3876a1e7f875b78,0xd37ac934502619cee14908cef22138f4b98e06b4,94701935,,25910005
0xaa8ba7d4611437141192e7ceced531bc0a133efb,0x51f94e581665b4859b8231f9739f8fde150081ae,40600000,,25910005
0x592aafed4c55fef29431e1a9d49bbde7d06e3f16,0xf440139a62b2b939699c5b3e09f88e40464ab9bc,133761900,,25910005
0x0dcb94f620fd05ba40ebde0e97ae0c5def6d1f4d,0xd47a1bdc6872ad2fd16e50149baa9924c653e624,134700000,,25910005
0xe63f1fa8682b6e822c8b8bf0be9262d5d973239e,0x3a1c61ed878d4181cc31cad7969d75fbe18037dc,10020000,,25910005
0xe63f1fa8682b6e822c8b8bf0be9262d5d973239e,0xe3478b0bb1a5084567c319096437924948be1964,863670,,25910005
0x28c6c06298d514db089934071355e5743bf21d60,0xb373bd343961cc65459194dbf2319affb79c16d0,16280603,,25910005
0x9642b23ed1e01df1092b92641051881a322f5d4e,0xad59c0c355bfbbca65406ed9f7d230c29220ceb4,163906000,,25910005
0x6ca4da51db0b55573afc30b079b6a18e5bbd7165,0xc6c5669cddc59a919340305d8e4b90fcc8a722c9,99840307,,25910005
0x67e17ab1bbc5c5756016c4ce1031d05e1b3f8f07,0x960a2f3540c330ffbc11798d1d7b70542f4644c0,44910000,,25910005
0x44e63e9fdfa9a913b78ccc5d1b6dde1dc542fc44,0x1fdf174eed7a69bcd4bb341f27816f0748441434,29940000,,25910005
0x1c64100f6959034dc1c54045eea84f18f55881e0,0x4cd00e387622c35bddb9b4c962c136462338bc31,2500000,,25910005
0xc5bfa539ac25c5bc27758486b889a3e0d6350647,0xf37777cc274ecf646094213cb7ea955798f84311,90000000,,25910005
0x6872b6630a3afcd3117191a8403c2002e13df7de,0x873f55760f93235c2510651dfcc013d6e6828631,174000000,,25910005
0xfe7379f92206f68a06e78de0e5d5d362d552da80,0x6872b6630a3afcd3117191a8403c2002e13df7de,632707246,,25910005
0x559432e18b281731c054cd703d4b49872be4ed53,0x1f20568c24594f6c7a8ac2f699e73ec250ad8cf9,15400000,,25910005
0x559432e18b281731c054cd703d4b49872be4ed53,0x5748d7d3917100db46367c680e439f3c7477c1be,50350000,,25910005
0x1ba192b57dc6264fc71bed2748e993f7661760c0,0x2cff890f0378a11913b6129b2e97417a2c302680,599000000,,25910005
0xeb70db9caf40ac819b836e25b8ab12d11b38c98c,0x000000000004444c5dc75cb358380d2e3de08a90,3295943827,,25910005
0x60090074d5cc2f68ca55f06ae324e101c33730de,0x0b77593828682e871aba5df8513cae664bcce8e6,1000000000,,25910005
0x3a89b6f101f19b8c171467083731c87318d9ce7a,0xb8d7328c4840c5efd244f93f3a597c7d41b13d42,120000000,,25910005
0x3a89b6f101f19b8c171467083731c87318d9ce7a,0x4b742ad5ca91969e82aefb80072ae59121a3d72a,60786,,25910005
0x159f2f367ff3e7b2f7ccc688a6794342fcb54f30,0xa82ef1736c535c8cdb56314761042ca5621c9354,1472391850,,25910005
0xf70da97812cb96acdf810712aa562db8dfa3dbef,0x761afc074dfcafa15eee827ce3fba801b96e858f,1018172744,,25910005
0x4cd00e387622c35bddb9b4c962c136462338bc31,0xf70da97812cb96acdf810712aa562db8dfa3dbef,1001000000,,25910005
0x0ba9bf6ece534ef7d43ec50f6f08c899ddecebbe,0xcd934231102b0187adb9d391923247dbac76b74e,47500000,,25910005
0xb7d87c8c0659caea8acacf26af11c2be9dd1e6c3,0x6de91899182f8cda664098bc306ffe0132e14d54,20000,,25910005
0x8c06bf1545be0124eed99dd27830d77f6e2bb0ec,0x1ab4973a48dc892cd9971ece8e01dcc7688f8f23,1990000000,,25910005
0x6587c3c33f545308e5077e46de6466f96fda561a,0x1ab4973a48dc892cd9971ece8e01dcc7688f8f23,462000000,,25910005
0xd691b5c9a21d7102725d72c109c328a69e47cc91,0x1dc5c992f8d8d2a4340c39fc7a94438729d1ab76,15,,25910005
0xdc4858741e738bb304fc5b290e7b9453da6a5baa,0x567e3b7cc98e83de742011cb6c152c03a39f35e9,100,,25910005
0xdc4858741e738bb304fc5b290e7b9453da6a5baa,0x8f98c6c685324fb52bc4d8905bb22d108b7d335d,100,,25910005
0xdc4858741e738bb304fc5b290e7b9453da6a5baa,0xa539d5281dc4e8ef877abd27f80dd42fca867477,100,,25910005
0x567e3b7cc98e83de742011cb6c152c03a39f35e9,0xb7b96b623ca4df9bccdf31ca30c0c61e733cdc58,100,,25910005
0x8f98c6c685324fb52bc4d8905bb22d108b7d335d,0xf675044c77d8de5edfcbfa75a59a224b7137cc76,100,,25910005
0xa539d5281dc4e8ef877abd27f80dd42fca867477,0x566092a61ef24125efe743f288621cf0809c851b,100,,25910005
0x559432e18b281731c054cd703d4b49872be4ed53,0x37fc1fbe93d15195e72716d875ef5133ba4ba21c,20000000,,25910006
0x559432e18b281731c054cd703d4b49872be4ed53,0x34508c232a026058757156208832a93762104217,15265000,,25910006
0x559432e18b281731c054cd703d4b49872be4ed53,0x99f7f519036ee30968520324098e07ddf11fb126,67457000,,25910006
0x559432e18b281731c054cd703d4b49872be4ed53,0xd2ff28dcb0e0ea527be4d7cdeccba5f616e78160,598941000,,25910006
0x559432e18b281731c054cd703d4b49872be4ed53,0xa97c5af8bb022cf097433878c1dbe9c5076f7b01,150000000,,25910006
0x559432e18b281731c054cd703d4b49872be4ed53,0x3a87411c8eb6bdfa16c271044cac958109d863a3,283552000,,25910006
0x559432e18b281731c054cd703d4b49872be4ed53,0xfa0e9f7385732a89b2f995da73c7f4e4ed8e69cc,30087000,,25910006
0x559432e18b281731c054cd703d4b49872be4ed53,0x6b608988fc047e214c857c6c228057737d6a82ab,2500000,,25910006
0x559432e18b281731c054cd703d4b49872be4ed53,0x7cf883c584ab097aafc8ed432edf8bbb6bf893b6,748661000,,25910006
0x559432e18b281731c054cd703d4b49872be4ed53,0x96f8f49c970a66ddae4f25e339b04f13f12c7a91,150446000,,25910006
0x559432e18b281731c054cd703d4b49872be4ed53,0x5711c3041ff30bdb55728464d0c8a2b3b2684015,275010000,,25910006
0x559432e18b281731c054cd703d4b49872be4ed53,0xe73ed38f5830e1adf64f28c5f7910b400e0f5ade,47000000,,25910006
0x559432e18b281731c054cd703d4b49872be4ed53,0x860e433f2c68e13f10988089b21718ffd59e662b,45062000,,25910006
0x559432e18b281731c054cd703d4b49872be4ed53,0x2bcd588ba960f33d21ac875746695d33d8fd586d,154670000,,25910006
0x559432e18b281731c054cd703d4b49872be4ed53,0x8fcf1f70470eb6720c995f19251440d8b93b7eb7,30151000,,25910006
0x559432e18b281731c054cd703d4b49872be4ed53,0x6b608988fc047e214c857c6c228057737d6a82ab,2500000,,25910006
0x559432e18b281731c054cd703d4b49872be4ed53,0x8fcf1f70470eb6720c995f19251440d8b93b7eb7,45254000,,25910006
0x559432e18b281731c054cd703d4b49872be4ed53,0x8b0631da33daac692e9fbdec673f8ca9cb9ab070,15436000,,25910006
0x559432e18b281731c054cd703d4b49872be4ed53,0x42be330803f70ad1937710b96e8cffbe9595d437,300000000,,25910006
0x559432e18b281731c054cd703d4b49872be4ed53,0x3b659a95a86af459084bedcf60df43983153dfb4,449294000,,25910006
0x559432e18b281731c054cd703d4b49872be4ed53,0xef228bc588150d999b17e68cf1961345b3cbc164,15650000,,25910006
0x559432e18b281731c054cd703d4b49872be4ed53,0x1fbbc5ef1ea0f33ce5bafc92380a8124d000e554,15015000,,25910006
0x005ffa486dc60c3b61c92e338fc13b988b507abc,0x23e9c82ebc8308ab4b189372bd534e1932669894,4870800000,,25910006
0x0677c16ec4f33edef7b940ec6b86514127fef1f9,0x1386adb6bdf264ec0a4df03f80c987d52def02ea,107000000,,25910006
0x6d58d31407e2cc7268d456565bc0771ca2e7e5f1,0xa6b5cb005fff7f6605e87b82055e046700332b06,110000000,,25910006
0x630803f69660c8819fe522215efda6cfaae82419,0x44708d14e7deb6fc23c896a3e460c81f171698f2,35917000000,,25910006
0xc7b2b448ffc0d9019452ca52f7fba2cddb5c06c4,0x559432e18b281731c054cd703d4b49872be4ed53,690090000,,25910006
0x9696f59e4d72e237be84ffd425dcad154bf96976,0x8f175aa7b35be308c72b6b0a9e9dadd66efbefd0,59170000,,25910006
0x9696f59e4d72e237be84ffd425dcad154bf96976,0xbf651b4cd562a5f0e68ce4eada38789e5ab13fe0,19380000,,25910006
0xc6acbee42e9e323140c1ed060c2f6ea9cc3b4b75,0x977378fe548b6a94aee21136c29d0c869147b447,755200000,,25910006
0x16db40b883e962bfc19d2516e7e7e477dc6188ee,0x3b659a95a86af459084bedcf60df43983153dfb4,30050000,,25910006
0x16db40b883e962bfc19d2516e7e7e477dc6188ee,0x7a956fd329d0c616f2d1dde98bb35694f397df46,105953,,25910006
0xdfd5293d8e347dfe59e90efd55b2956a1343963d,0xf17d9a7a75098c13d741d56eaa5aa188b0bc48fa,148652000,,25910006
0x8915710a07b1a366891408ada7bdf36e63e5e00a,0x9df7a535de36fed87bb9294cee64cf9120890d54,24238546,,25910006
0x587e96862df7e65c258aeef94137587869fa98e6,0xb095ec659d0f4c7eb1a3339f2ae55ceabbba4402,710676800,,25910006
0x0427ec54da0719eb503b75ff052437116d1f9ea3,0x3b46c4af07cd91213b4dcfe7a96bb467d591fde8,921516373,,25910006
0x5c0a8a39603d4fa3ab6a0cebc0485331c010626b,0xa0037d86ca282b8178aa087b1b9c8e241cc0ce6d,1782354655,,25910006
0xc1d13492285eb664951e201bf7c80c7c6318a1b5,0x691f06d804252138d52ac44e66221aa01ce4c546,297852341,,25910006
0x7718360ead37485836e7fa69deae10058813baf1,0x28bf6006d87de7f44445905aa4f5cb8c0d8cba02,3833774444,,25910006
0x28bf6006d87de7f44445905aa4f5cb8c0d8cba02,0x337685fdab40d39bd02028545a4ffa7d287cc3e2,3833368747,,25910006
0x337685fdab40d39bd02028545a4ffa7d287cc3e2,0x40ffe85a28dc9993541449464d7529a922142960,3833368747,,25910006
0xdae4135dac6c62937728d145f8048b2bab2ce55c,0x05e436af41dce96ca73ac8619ec335249972470b,12243467,,25910006
0x05e436af41dce96ca73ac8619ec335249972470b,0x78ace9b2ee9a31737fad748015266a59f32dc79a,12243467,,25910006
0x6872b6630a3afcd3117191a8403c2002e13df7de,0x8bd9da5a97f67841f0aa2c51542b629ed0700391,4166278074,,25910006
0x6872b6630a3afcd3117191a8403c2002e13df7de,0x2cf1bb7a8408191db20578c7df90b8a946beec27,6000000,,25910006
0x6872b6630a3afcd3117191a8403c2002e13df7de,0xced8c69fd0563cb759864118f24c09dfd25dcaad,458711012,,25910006
0x2265e8ca2318aa77582c75c3464ec8ac6729aaaf,0xdc37b68ed598c09618f290ca5c572b967200aa94,602000000,,25910006
0xef248837c84aed254a5cc716332a4833f16db999,0xa93b5fe37170dd362c40b61f91ea9e016ff60355,4000000000,,25910006
0x5556d57e4815a86096f962e865cd2fd52ae91caf,0x28c6c06298d514db089934071355e5743bf21d60,230000000,,25910006
0xe8a468debee8ad629028872f68053e6d6dbb7e86,0x28c6c06298d514db089934071355e5743bf21d60,502000000,,25910006
0x5c38af9c96b86c5120d1bb4c9fad204665fc0f4b,0x28c6c06298d514db089934071355e5743bf21d60,400000000,,25910006
0xfff46a225e26d87491cb7f4f7971358e928a9f2a,0x28c6c06298d514db089934071355e5743bf21d60,4984000000,,25910006
0x601e99d74baf71abfeae466114674b2997df8448,0x28c6c06298d514db089934071355e5743bf21d60,911370000,,25910006
0xc7df85df41072cc030f87f1574ebeea34baccbcb,0x28c6c06298d514db089934071355e5743bf21d60,748502000,,25910006
0xdc24a4a7972fdfe92530c1db29fdbded7cb74f43,0x28c6c06298d514db089934071355e5743bf21d60,939000000,,25910006
0x6b34a694ce34fd32918483adcec40ea5a0f32879,0x28c6c06298d514db089934071355e5743bf21d60,205340000,,25910006
0x93ab7ca84b7210b0ba30ccc9b555d48adb9518bd,0x414df0f4ef84d6a31d71b76533482a4b556497aa,14881766767,,25910006
0xdc37e91db3273164562e076ad29d2eaabb1b839c,0x28c6c06298d514db089934071355e5743bf21d60,198000000,,25910006
0x443d1e157920a184925e9422003ae336ed8928f8,0x28c6c06298d514db089934071355e5743bf21d60,300000000,,25910006
0xfcf8e0ab45ea55ea7f5bef5bd0c35ee76da4fd43,0x28c6c06298d514db089934071355e5743bf21d60,250000000,,25910006
0x6bc16e7d90000bf89916a749e133698cbe4fbc35,0x28c6c06298d514db089934071355e5743bf21d60,8700000000,,25910006
0x2c75bad393333d07c6c800739694871304085892,0x28c6c06298d514db089934071355e5743bf21d60,182521615,,25910006
0xc4ae1b9f0bd5e543f7846a2604af66a9b5d4d9e9,0x28c6c06298d514db089934071355e5743bf21d60,236434636,,25910006
0xf2275401ef3eac8fc2343f2f7b07adf41a19b625,0x28c6c06298d514db089934071355e5743bf21d60,683989377,,25910006
0x74480d02c3e3b17e0f483e3aecf8cba94dbd49e6,0x28c6c06298d514db089934071355e5743bf21d60,286480000,,25910006
0x52d986373c24b6a907727c85faceffd7cec5d0ab,0x28c6c06298d514db089934071355e5743bf21d60,156808544,,25910006
0xa5a35383468d0d5fd354f9714514d1c273d4952a,0x28c6c06298d514db089934071355e5743bf21d60,294924456,,25910006
0xd615bef297330365155b6ecd7a7378f5e5309eab,0x28c6c06298d514db089934071355e5743bf21d60,157128160,,25910006
0x19f00b3a7b6f55c9da966fe3723251784a797fa7,0x28c6c06298d514db089934071355e5743bf21d60,17761691570,,25910006
0x580b59a153e97a95cac7ad7cc42cdfc9433e9429,0x28c6c06298d514db089934071355e5743bf21d60,157897071,,25910006
0x230f2a24fa6a121b9c38d3c3961dc347433ae2d3,0x28c6c06298d514db089934071355e5743bf21d60,1500000000,,25910006
0x8cc6d50e7a651f07b2b5da963cc56d047130ab7e,0x28c6c06298d514db089934071355e5743bf21d60,234271027,,25910006
0xfacbdecf714f55d65abf5be2054a8127880405c7,0x9008d19f58aabd9ed0d60971565aa8510560ab41,30476111,,25910006
0x9008d19f58aabd9ed0d60971565aa8510560ab41,0x4d4e14fbdf6bb02b6e036f86f120f00abe41c791,30476111,,25910006
0x4d4e14fbdf6bb02b6e036f86f120f00abe41c791,0x000000000004444c5dc75cb358380d2e3de08a90,25396758,,25910006
0x4d4e14fbdf6bb02b6e036f86f120f00abe41c791,0x52aa899454998be5b000ad077a46bbe360f4e497,5079353,,25910006
0xac2561c6b8a547c5f0d87128fd41cfda5c2a1ff9,0xb300000b72deaeb607a12d5f54773d1c19c7028d,1992237,,25910006
0xb300000b72deaeb607a12d5f54773d1c19c7028d,0x1231deb6f5749ef6ce6943a275a1d3e7486f4eae,1992237,,25910006
0x1231deb6f5749ef6ce6943a275a1d3e7486f4eae,0x4cd00e387622c35bddb9b4c962c136462338bc31,1992237,,25910006
0x9c9560071728b2fcc53f96aac2eaaecde2cd3f4c,0x1cdd73a9327e546eefb82f50b4f04d1e1a076da5,4100000,,25910006
0xab5d1677e181f62b20e99e240e362a596b4387e6,0x28c6c06298d514db089934071355e5743bf21d60,1423280000,,25910006
0x76949349de335982fe3e6fab9484763d4f4e1976,0x28c6c06298d514db089934071355e5743bf21d60,2846240000,,25910006
0x551452453bc668b24074c04e0c96379310df4765,0x28c6c06298d514db089934071355e5743bf21d60,973000081,,25910006
0xcfb0a11d24dd06e04eb1f02f4450493cbe00d735,0x28c6c06298d514db089934071355e5743bf21d60,3288968641,,25910006
0x670dd7bc88838f7dc7754231df542688556c4ffc,0x28c6c06298d514db089934071355e5743bf21d60,176000000,,25910006
0xd75faf341fd1561de841e6da7175a3b5a82bccf5,0x28c6c06298d514db089934071355e5743bf21d60,1854618708,,25910006
0x221b749529c360eaf128d51b35f09385ba54ed30,0x28c6c06298d514db089934071355e5743bf21d60,237000000,,25910006
0xb0a3dd7d930656e7e6bdb5a5955db74bf836adbc,0x28c6c06298d514db089934071355e5743bf21d60,200982000,,25910006
0x65b7a1e71925e6bda3fb5dfb00ea379a7350b7dc,0x28c6c06298d514db089934071355e5743bf21d60,1058800000,,25910006
0x0bf9322bc1dbe6e18498252c9f59dfd59080a12a,0x28c6c06298d514db089934071355e5743bf21d60,301978693,,25910006
0x5ce6c17b8713f2a111e480661a701f0942297a31,0x28c6c06298d514db089934071355e5743bf21d60,4985000000,,25910006
0xa7e02f50ad39ff7b22410b6570db3e4210f39732,0x28c6c06298d514db089934071355e5743bf21d60,250000000,,25910006
0x9764f3b7d40c50c2b318ee5686d728de6b261b4d,0x28c6c06298d514db089934071355e5743bf21d60,776796000,,25910006
0xd9223febe10c555d8acacac6526427a22124b44d,0x28c6c06298d514db089934071355e5743bf21d60,2382375014,,25910006
0x5d93146c1732669a4377de7c3066732b95ed104b,0x28c6c06298d514db089934071355e5743bf21d60,224550000,,25910006
0xd62db971c87d834092ebf3f39ea0950bd2138672,0x28c6c06298d514db089934071355e5743bf21d60,528519532,,25910006
0x5703f2ca0e35a26bf2f6749023146e1e933a7610,0x28c6c06298d514db089934071355e5743bf21d60,770000000,,25910006
0x8d6597d2b202e86f243b2a2d91339ca31fc50436,0x28c6c06298d514db089934071355e5743bf21d60,5999000000,,25910006
0x71f9ec811315b3c4ac5e8acc4772806167837682,0x28c6c06298d514db089934071355e5743bf21d60,32307001868,,25910006
0x72f20f0a84ea0428c115bae3af3f0352bc9378be,0x28c6c06298d514db089934071355e5743bf21d60,440766615,,25910006
0xa491bbc49f5c97bb990c7af609a74b18d66d9109,0x28c6c06298d514db089934071355e5743bf21d60,300001002,,25910006
0x7cc098435ddc22f734d489268ef6b894e24a1835,0x28c6c06298d514db089934071355e5743bf21d60,11399650000,,25910006
0xe02ec063a07941200c7dd4fded6bdd894312a859,0x28c6c06298d514db089934071355e5743bf21d60,434730000,,25910006
0x5887224f83e366fe947d6b3938e4a2170bf6e5cb,0xd7185c486dd88eb9f3573b878a1469485644091f,4999613092,,25910006
0xd7185c486dd88eb9f3573b878a1469485644091f,0xca5b3bbb368db39d223a9fa57a577f9a98a03638,39496943,,25910006
0xd7185c486dd88eb9f3573b878a1469485644091f,0x682cf68fc214d99b0cbb2438d44bcd921f763b4f,2480058,,25910006
0xd7185c486dd88eb9f3573b878a1469485644091f,0x0889e9327b98d7d1be3c301a4585ff3330502c9a,4957636091,,25910006
0x0889e9327b98d7d1be3c301a4585ff3330502c9a,0xe0e0e08a6a4b9dc7bd67bcb7aade5cf48157d444,1611231729,,25910006
0x0889e9327b98d7d1be3c301a4585ff3330502c9a,0x11b815efb8f581194ae79006d24e0d814b7697f6,1239173535,,25910006
0x0889e9327b98d7d1be3c301a4585ff3330502c9a,0xd51a44d3fae010294c616388b506acda1bfaae46,2107230827,,25910006
0xb6d629cb247333dd5e273b75741c55dfeca6f6e9,0xf6d750d59e6aa03ac3dd5604316660ede786427f,1159068,,25910006
0xb02ba3247a17137f966f3c09485d9439bb3fb404,0x28c6c06298d514db089934071355e5743bf21d60,250070000,,25910006
0x2164b2550bdf36dea8ed7b0a1cacae14d10a696c,0x28c6c06298d514db089934071355e5743bf21d60,2979920000,,25910006
0x31531968d263567b0b93494e888ee23fc41a41bc,0xfd86c1a3c6fb8e993ea0c6ac3f5c4e18b8bcf0d8,536000000,,25910006
0xb1615ca513379d5d2e34af141c77988cc45221b9,0x28c6c06298d514db089934071355e5743bf21d60,1186767744,,25910006
0xdc4858741e738bb304fc5b290e7b9453da6a5baa,0x49fb6b7e1b4724cc888f1156884af06e5e52d6db,100,,25910006
0xdc4858741e738bb304fc5b290e7b9453da6a5baa,0xb6ea4b71f003bd8695034dbc98d0342a033f142a,100,,25910006
0x49fb6b7e1b4724cc888f1156884af06e5e52d6db,0x1e462a18e898ecec40843c7e3d9dadffa9574a33,100,,25910006
0xb6ea4b71f003bd8695034dbc98d0342a033f142a,0x4eaa88e767da44cfa8adbe535cde0b4fa7682051,100,,25910006
0x964dfe13f93d28c068b61c64c79d0b35e62d9619,0x4e68ccd3e89f51c3074ca5072bbac773960dfa36,94057,,25910006
0xc02f026f3575cd3c3b5b7598a7f4770f2dd1adc5,0x7018ea54b2dd4ef0f4db3e84f15e4f31de8f0eae,19000000,,25910006
0x8f8d1206d1bce12ff892731f8a140ed18b93884e,0xf31ad11a4ef12a7852418f99076cb67bd78d7436,13990000,,25910007
0xaa8ba7d4611437141192e7ceced531bc0a133efb,0x7924afcaccd28f715a29eeb8f0d287edd05bf3f8,385333800,,25910007
0xb4377c699e5775601a4d1e01bdd9543e6765d580,0x3b0357df91ca8b3aaded838ba36aa168f81a1de3,100000000,,25910007
0x7e033bb2d7cb1e25b953a6e13ecacf4950de0f61,0x3b0357df91ca8b3aaded838ba36aa168f81a1de3,100000000,,25910007
0x40dad9b65b773a46edea4fd8faab6282aa5a4131,0x3b0357df91ca8b3aaded838ba36aa168f81a1de3,100000000,,25910007
0xc33a7419e06a7d3de69635bbb8e400ddbf822d00,0xd37ac934502619cee14908cef22138f4b98e06b4,14999850,,25910007
0x48da0b9647f1a441ac92a40119568e46063b16c6,0xd37ac934502619cee14908cef22138f4b98e06b4,56765144,,25910007
0x8a0245cf2c1a0f0a0063e58d0d9709385e4f9294,0xd37ac934502619cee14908cef22138f4b98e06b4,113559529,,25910007
0x56eddb7aa87536c09ccc2793473599fd21a8b17f,0xb2e058744a8a9548cbcbdc8e89529630b2be2775,4700000,,25910007
0xdfd5293d8e347dfe59e90efd55b2956a1343963d,0x6b08d8ef0aba7068851573282007cff398b6dfe4,59701950,,25910007
0x96f5768c512436ab82f26eca36a13e94b164ec63,0x64cdaa89629fe003eaa31b480d8b63372d109a53,24906000,,25910007
0x10df8017eccfe12d46b32eb51867102ffbf682e3,0x7f500867f6612f3b3216d3aea4dea9163bd3e160,100000000,,25910007
0xe898f346dcfc6728929c5fcccc36102131c2e02f,0x03b96903b5796b2eac0e421166f0f0712e1ce09a,1020000000,,25910007
0xf89e86fee3985e4bc15d053fa4913d6ccea414f4,0x4500fc22563a1bd11f587f5999d8a4d595fa0a18,1000000000,,25910007
0xe521ba88837b2726e5343cca91ada6f19f356c45,0x111116053f09d34a7eae8102887004445176ca11,20922335,,25910007
0x111116053f09d34a7eae8102887004445176ca11,0xbbcb91440523216e2b87052a99f69c604a7b6e00,20922335,,25910007
0x6b9df0e0ca5f3ea8fe1a7b5ef9b31e214327f7e0,0x5f50c54d14fd01c634f63ebca7d783a5f5270f1c,4988974905,,25910007
0xcdca9970b52a8c3be3dcc9ab4b8b60934426d210,0x4cd803e70687c887cf70a76eae73055c386c0d88,509440050,,25910007
0x4170c5ecd53cdf316f40185635bff98482d92545,0xb4b854be0db86f5ce980422952ec52ae2d9402f8,1000000000,,25910007
0xcb8f63cd332add19905cf6d3d991741aa8861860,0x0c88969429c2ff3171598f6ac966705ace85de74,70000000,,25910007
0xcb8f63cd332add19905cf6d3d991741aa8861860,0x4b742ad5ca91969e82aefb80072ae59121a3d72a,46863,,25910007
0xf70da97812cb96acdf810712aa562db8dfa3dbef,0xee9ace0caea68c77e6fc6dfe36d8850925ec47c8,4993697789,,25910007
0x3d4d75697ac8d98606e2efb18087038e1fbdbf93,0xbb14ae678ead1868574638c3e87796f9d23a944c,52412183,,25910007
0xbb14ae678ead1868574638c3e87796f9d23a944c,0x35c9a4dae1ff05788f24b5b32721d89340cbb636,52412183,,25910007
0x4d68b530920d26c3b01c99fecc19e21011b72bbd,0x8f10b468b06c6fd214b65f87778827f7d113f996,99112748,,25910007
0x8f10b468b06c6fd214b65f87778827f7d113f996,0x6ca298d2983ab03aa1da7679389d955a4efee15c,99112748,,25910007
0x00009d17b7b809e38f30892cff11650763b80000,0xb5b6091be745ee7c3b1a38eca16b0610a4c77c18,75,,25910007
0x00009d17b7b809e38f30892cff11650763b80000,0x7e1d4c304451c0af9012f5bf5d76c38b6bd39e69,145,,25910007
0x00009d17b7b809e38f30892cff11650763b80000,0xe2f1812d71d0199cdda1c924293bb0843a495ce8,250,,25910007
0x00009d17b7b809e38f30892cff11650763b80000,0x63583cca5de73d4c288b28bd967bed38b160e5b9,115,,25910007
0x00009d17b7b809e38f30892cff11650763b80000,0x47ca024c11747157470b6c8551e1c830560c8219,365,,25910007
0x00009d17b7b809e38f30892cff11650763b80000,0x425270c474ae2c6a79991ddec2f7cbd76aaa11a9,400,,25910007
0x00009d17b7b809e38f30892cff11650763b80000,0x5332d04259ebfe6e1bedd2dff37dd0dd3a996d46,50,,25910007
0x00009d17b7b809e38f30892cff11650763b80000,0x7ef1cb07103a479c06fad39ee48e14e3affada78,285,,25910007
0x00009d17b7b809e38f30892cff11650763b80000,0x7bcbd0a88b46f9b99758eb0a26a84cb90409fb96,270,,25910007
0x00009d17b7b809e38f30892cff11650763b80000,0x282d2ab1150de47b75bb742b971df92b17037478,100,,25910007
0x00009d17b7b809e38f30892cff11650763b80000,0x009d3fb373eff67ad7afe30eaf28597686bbb188,245,,25910007
0x00009d17b7b809e38f30892cff11650763b80000,0x122aa4dd4ab7b7d0f8482d3e4e20528fec3ffdc7,405,,25910007
0x00009d17b7b809e38f30892cff11650763b80000,0x364abf91dc80f4fe59fa91d652a6da070792c168,60,,25910007
0x00009d17b7b809e38f30892cff11650763b80000,0x928b9f26f33815d3f744005e6e048e073fcd7a16,100,,25910007
0x00009d17b7b809e38f30892cff11650763b80000,0x9505a0c81ef63edaeffff4952303331ed96dbd26,330,,25910007
0x00009d17b7b809e38f30892cff11650763b80000,0x9b97351056a44c9923cc05575af596be8a8634a7,470,,25910007
0x00009d17b7b809e38f30892cff11650763b80000,0xd09be47690d9cd118bdb2ee15d1d3190d589b447,75,,25910007
0x00009d17b7b809e38f30892cff11650763b80000,0xe7ac16c3a31da9ccb91290bed328df16ebc1ed69,150,,25910007
0xe81c00e041e97c17679c6ff73968aa3cc3caee09,0xefe18b307490c7d3362f091791df998712aaf6a8,12,,25910007
0x8a707575e7fc78d1ddd5dfe4bd9976a00a74e236,0xafb65cab12b686e81492c8603c5cff0fb9eeabd2,15,,25910007
0x80d2b5e4236ca69aedb5a835c08e929c6400efc8,0x72217dea1d9573a6edd6272fa386131624866c1b,44,,25910007
0xb5b6091be745ee7c3b1a38eca16b0610a4c77c18,0x212f0f2c7de1fd2dc3c64f351d19ed7b647c614c,15,,25910007
0x7e1d4c304451c0af9012f5bf5d76c38b6bd39e69,0xf6ea362ed1261cffc90f5b130c198d8077e5b513,29,,25910007
0xe2f1812d71d0199cdda1c924293bb0843a495ce8,0xbd4a4b7ede483c33d8c196d0a88176803453df11,50,,25910007
0x2256526fb604784e2c8868460238bc9033f60826,0xca8434f1beba073db3f9058920aca7902f3ecd68,94,,25910007
0x63583cca5de73d4c288b28bd967bed38b160e5b9,0xf5b8d373a516a1d41f1860cf6f61352968e0738a,23,,25910007
0x47ca024c11747157470b6c8551e1c830560c8219,0x212f0f2c7de1fd2dc3c64f351d19ed7b647c614c,73,,25910007
0xa6b55db9970d1a3e82f39f6c7c2fce833f8d2b06,0x7aa9f8938745957188c88b0fc9f7029fde63625d,60,,25910007
0x3d0a5d4768c28e0f3d3f80915d019d7934796826,0x3249fd38907cc8360a9838cf409c6c517216bc5e,40,,25910007
0x3c7fbbd416570fed88c7ade9d34d0e5cc4ba7d57,0x7870c9eb56ca7884e78860dadb8b3e4332181f28,30,,25910007
0x218ea569be20c0b5ab13505f60a41b9813c7a349,0x91dac9a04eac04c07ee52abaee4460921945ad8a,19,,25910007
0x425270c474ae2c6a79991ddec2f7cbd76aaa11a9,0x2ff590eed0a9ec9fb7d3b5c28be3c0cba6b27242,80,,25910007
0x5332d04259ebfe6e1bedd2dff37dd0dd3a996d46,0x70a3844f2a8c706be52881ade7968c97f0bdb4ab,10,,25910007
0x11d98245d4fea523f2544394d89952025560a0e9,0xe447ecfbc6a9d6b71f88dfb838613de74439c189,19,,25910007
0x6a8d1acdf9724064d05c2e48a623d2d75115faa9,0x54c46f6b6b384cc3ddccf4cdcc7139fd21d83f38,10,,25910007
0xbfa624e3a08cc98f602f5e5d92276126bf434117,0xcce1f9bf7d4007d3da278ea1961abc5db075f44c,29,,25910007
0x3bba2b64731e8381094865181efd17f76d3480f8,0x26f3bafbdeeba311b3d596984298d5a8d23acc1e,70,,25910007
0x7ef1cb07103a479c06fad39ee48e14e3affada78,0x86bde338af5f08941a23929ded2f7996c51576b6,57,,25910007
0x7bcbd0a88b46f9b99758eb0a26a84cb90409fb96,0xe7799c58b23bfd051458991860cc3dac20df19bb,54,,25910007
0x0a3f7e96e1c4468275fd9fdd16d14fb948acfeb7,0xa935f233d1c0a42aebbb63b7b49826354e19ad3c,30,,25910007
0xad19c8a55015fdcbd444a3a7912353349204c356,0x6804a703350c6fb14316a4e28907322f1863eeb7,78,,25910007
0x08ec7f4616a735c04be243d76f245e41e9ff31a7,0xfb1350972db0d29cefbff33d4d8732f346fb5c5c,37,,25910007
0xcbc105c9b008fd3483d280de17721f66d7a74f67,0x564f78b6810c14491986b8e71c69fb95dec8b707,15,,25910007
0xa62921551f73138b394735742396bfc3c66607a6,0x21abba41b1aa41ba95647207e1b92892721cd949,25,,25910007
0x282d2ab1150de47b75bb742b971df92b17037478,0x8f9554b94aa64e7339db2e215d081048cc8f8456,20,,25910007
0x013489c8d2a6000189e73f76829def9b9e1f16c7,0x4efcd166840109961197d2757d56ec45901bde65,13,,25910007
0x17be3484dcb3b1983fb0acd0105e482f57122c76,0x70d167c3b09a5da9089bfd2a821394e8306e92c3,10,,25910007
0x009d3fb373eff67ad7afe30eaf28597686bbb188,0x0a8035d6444e8f7967fcd832082eb75611f1eaa9,49,,25910007
0x06cfce442c4d2bb527f7e6d0305f24097ca140f9,0x6bdfa2e3067413eaf4cda356014cf4d1161443d7,27,,25910007
0x122aa4dd4ab7b7d0f8482d3e4e20528fec3ffdc7,0x67d5d81c76888da9d949a2a1b4462359190fb892,81,,25910007
0x1c47406bc601dbd2cd3df030447e28f4eeacd8c6,0x5d1774f3ecae775fea53b9b89c769a6ed3ce5186,10,,25910007
0xb2f721b0d18837c5e766b45737b2ca2d07e45bb8,0x3b83995523dd0bcf579dd9e70d0f6504e0cce038,30,,25910007
0x364abf91dc80f4fe59fa91d652a6da070792c168,0x33e7ffe3cf851bcf262b1eec0ab4373ae1890c18,12,,25910007
0xc1eb1e1c4ea5f568711d6c4ecf3a7c9bb1f8aac7,0x8cff849c83eeb5f7f04196e79a628173945b8610,10,,25910007
0x4045fd021e236169c73fe863fe421aa22880b488,0xb55a39eb45924e930c8c6a9c11e3781d54da1c2a,49,,25910007
0x0bbeefcd036a9e8ba2debcd368256f1917fbb3a7,0x74a9df84831bcb276e773c297b91b6a4d98a6827,31,,25910007
0xd1228c87bca6add79a74ee23739576ce2dae8648,0x9df1a741172b7fb5c90965e52b0ff932313cd340,50,,25910007
0x983aa13465ecdec00ec3654cef1fafb17e70e856,0x6da63309363f557c5e027bfb120612a2151453ec,30,,25910007
0x3665a07a9fe92b9d35a2bab2e474d85b9d8180d6,0xf5b8d373a516a1d41f1860cf6f61352968e0738a,29,,25910007
0xe3f028a17e6ffb3d523ced45355ac848f18bc2b8,0x8dc0e6f7a5fb364ed7e487617e5936d6f3fddf9a,12,,25910007
0x928b9f26f33815d3f744005e6e048e073fcd7a16,0xeeb9b3260d18901ff5b59002b2b646093802c295,20,,25910007
0x8b7165bac081c2eb426205d794e16bf70efa4d27,0x2f2f89d7aefea4c99ef8d02c320607bc10c3ad21,20,,25910007
0x19e675404c0615da48889b62cc066124a8fdc7a7,0xc7519a441a593b3992b381ada1f642cd901a17ad,10,,25910007
0x9505a0c81ef63edaeffff4952303331ed96dbd26,0xb4a8926f787cbf3ec9c382744cae22fc7580aef8,66,,25910007
0x940a007d7058f6de089af1698961c5089fb84327,0x555faeac470c7ce03c72297599c406164b7ac22a,10,,25910007
0xbaea0f95f3ff5b5ebc8f16d330fe2302a795c0b9,0xdd95fe4416f90d1a24cd54863cbdef2e9a2264cd,34,,25910007
0x3b70fb7a8f9b64391e3f6c0d95f76637c6bfa726,0x80001eb9ebbd44a303557917116da1b39a5cd783,11,,25910007
0x20df4fff27d272f243f6ba7cc709c84d77fa82a8,0x548f223cfbc52655a3ca4ec3457247482db91505,10,,25910007
0x7b5c407fbf034f459c8c3fb1f7d53ff74775d559,0xc2e0398a76676e1c35b699cdd1dfb2b18a6a4185,68,,25910007
0x2c859345945ddd98a3b160e8f9bc8135e5c84917,0x2049954f1aa67fa07ac87643842fe5bd8354dd11,25,,25910007
0xfcf88658eb66356703867a7baef2efb933c2fed7,0x31ae1321955e876a22fe466713fa4ef17d7a1d45,10,,25910007
0x9b97351056a44c9923cc05575af596be8a8634a7,0x4dd133821e78ef8090a57590955c07717792b009,94,,25910007
0xd09be47690d9cd118bdb2ee15d1d3190d589b447,0x3f074ca91fc44f851d62d5082bcc460b457a9744,15,,25910007
0xe7ac16c3a31da9ccb91290bed328df16ebc1ed69,0x9e325c860742fa9fef6a785fc245d52669339b88,30,,25910007
0x8309320f079bf1fa3cbb8b06ae8b6aeacee4d869,0x4ebe3b3052805436c393d1fbccc2dd4af6491109,61,,25910007
0x082d2397c5e3c5300d31f52bd056169882b8ba1c,0x579d687fcd51b100cda93f464ad5da7d10e64c4f,5400000000,,25910007
0x6976d6a60cff3e23bbc2d5a2b5d13e8f569e13e3,0xb300000b72deaeb607a12d5f54773d1c19c7028d,10007809,,25910007
0xb300000b72deaeb607a12d5f54773d1c19c7028d,0x5f1cef1d6a8ba9a363e421c78357957269c8aad3,10007809,,25910007
0x5f1cef1d6a8ba9a363e421c78357957269c8aad3,0xe0e0e08a6a4b9dc7bd67bcb7aade5cf48157d444,10007809,,25910007
0x5f65f7b609678448494de4c87521cdf6cef1e932,0xcf72351a45d4a560f5e78ba3e1d00dd24602edae,50001500000,,25910007
0xb5fdc975ec0c2c9e319b126d15372113316688e3,0x000000000004444c5dc75cb358380d2e3de08a90,1504273184,,25910007
0xb54f50e5d81e58def9d15ce433fb7e808f8a65c4,0x7b131e6f9e8662f2c4ca545c68a0531d205ee60f,600608000,,25910007
0x0e609b710da5e0aa476224b6c0e5445ccc21251e,0xe78c5f2d0ef71ce74ce24faa21b8e2169fefab90,107138167,,25910007
0x23ac8d97f5502711ccbf4d19f0171e9b49229a31,0x047223b0f9429f865c3a1f1fa1302ee02b44c15f,700000000,,25910007
0x35c9a4dae1ff05788f24b5b32721d89340cbb636,0x0889e9327b98d7d1be3c301a4585ff3330502c9a,1999641736,,25910007
0x0889e9327b98d7d1be3c301a4585ff3330502c9a,0xd51a44d3fae010294c616388b506acda1bfaae46,1999641736,,25910007
0x78ace9b2ee9a31737fad748015266a59f32dc79a,0x08ec0883dec73e786ccf01461e4e543e23a731a7,12207559,,25910007
0x78ace9b2ee9a31737fad748015266a59f32dc79a,0xb317d9b4b00c7664381db8f3132c774c3c99398c,35908,,25910007
0xa1615846406799047b1decc0932c4cc287bd885f,0x5b5b8ef36b3256008e725158ecc7b6b8c87a26c7,1600000000,,25910007
0x016606acc6b0cfe537acc221e3bf1bb44b4049ee,0x22c9733c218120ecfbce047ea3150fc1eabfa763,1000000000,,25910007
0xdc4858741e738bb304fc5b290e7b9453da6a5baa,0x127f710683deec80c13bdebce7de6db93990eab1,100,,25910007
0xdc4858741e738bb304fc5b290e7b9453da6a5baa,0x14386238394b74a507055896f3cb14ae4fa67bab,100,,25910007
0x127f710683deec80c13bdebce7de6db93990eab1,0x5069008931fdd9ada584a4bb7b149676132f0981,100,,25910007
0x14386238394b74a507055896f3cb14ae4fa67bab,0x309e4abf8a1c95b9b93ff1d61444660f54cc65f5,100,,25910007
0x3caa57c83ca50a451226ed9ec838cf7fd84e9375,0x6fe39f2831caf58529779efdb73341aa64df50ab,113980000,,25910007
0xd7d16452f8f36398c0194a37bb6751cf105d7974,0xdfaa75323fb721e5f29d43859390f62cc4b600b8,257652000,,25910007
0xbb5612205ca1a6dc31ae8258186aa179f9a56f99,0x3b0357df91ca8b3aaded838ba36aa168f81a1de3,100005274,,25910007
0x15aa3c71f8c931a3eb89c5a415af43f14c3518d3,0x3b0357df91ca8b3aaded838ba36aa168f81a1de3,100100000,,25910007
0xcfa14161184ffec6ee05bc0ba84a293d51b43c65,0xac6cd7d52c1aa5211baee83effbf0622f9fdcb4f,33000000,,25910008
0x559432e18b281731c054cd703d4b49872be4ed53,0x634efce903033766e0c7383b4f907761bc26fdfb,44380000,,25910008
0x559432e18b281731c054cd703d4b49872be4ed53,0xc3b4c9199d3405bf92ea725ad17c0cdc17cae9f2,59710000,,25910008
0x559432e18b281731c054cd703d4b49872be4ed53,0x119356f83bf5fa16280aea1eed3ff44d95bd3b76,89470000,,25910008
0x559432e18b281731c054cd703d4b49872be4ed53,0x212f0f2c7de1fd2dc3c64f351d19ed7b647c614c,822147000,,25910008
0x78e44c9d71827498d9f06a8540663ee37bfb7ace,0x6bca3908279c4ed6676bdcf580d0faf10420bef3,873192982,,25910008
0x2526430dba7d77c187ad44c7c242976c6b98d7de,0x7bae394475e00aff180b57812a727d7ed786d31e,4000000000,,25910008
0x2526430dba7d77c187ad44c7c242976c6b98d7de,0x9968f86863cd0b7ce2f965fba2ed2749aa36416f,838810,,25910008
0xf78e186a3d0225a6f63acc455359169796d20678,0x0b0e65cc5aea000593de7125f1f6dcf8ba299eb0,60000000,,25910008
0x28c6c06298d514db089934071355e5743bf21d60,0xa8c546de3d80c8b7779802cd5812538d7ddfa71c,366040000,,25910008
0x56eddb7aa87536c09ccc2793473599fd21a8b17f,0xd90e643d4dfef3756f06052fe55bba1f124a7267,5000000,,25910008
0xdfd5293d8e347dfe59e90efd55b2956a1343963d,0xcf6de930543713acdcdd6c628382dc370b0a7139,95250000,,25910008
0x9696f59e4d72e237be84ffd425dcad154bf96976,0x50e5d010db03be863ee6b229b389341b73a889f6,369700000,,25910008
0xdfd5293d8e347dfe59e90efd55b2956a1343963d,0xa56dfaf1e6d5a05db35d17436de2900c79d75e48,852931004,,25910008
0x21a31ee1afc51d94c2efccaa2092ad1028285549,0xc313e4a3bb46a244d0fcfefe9225b2bcbaf9134e,265000000,,25910008
0xfd86c1a3c6fb8e993ea0c6ac3f5c4e18b8bcf0d8,0x559432e18b281731c054cd703d4b49872be4ed53,536000000,,25910008
0x2e51a0ea4bb1a94abfa1e32897104e040d59885a,0xf40eab1e9c396be815a24148dfefba340d0d1fa8,14000000,,25910008
0x654fb76df0f17901b8a1859840f6b02daf811590,0x401be72be2b614515f0157e5eefd404f4e6b6799,510000000,,25910008
0xd4919aab8c82cbb4edccd17b656b84688529e57c,0xb2cf0e12470d24fa47aae83b165530a78f733a3d,8450000,,25910008
0x44e63e9fdfa9a913b78ccc5d1b6dde1dc542fc44,0x68bd07289c88b78f04f7662a6ba4c9fac4b40f17,164670000,,25910008
0x2762b53299471d62d54ced78b605b9d149e362c2,0x27196529f610c40e6b4b0f2dbbcdc7f5c2419cd9,224550000,,25910008
0xd3e46dbd617595c8c36df5495e439405a93406f7,0xc7bbec68d12a0d1830360f8ec58fa599ba1b0e9b,17170498,,25910008
0x761afc074dfcafa15eee827ce3fba801b96e858f,0x8d04cc7e86e687854eb41d9d43512b655b93184b,1018172744,,25910008
0x8d04cc7e86e687854eb41d9d43512b655b93184b,0x8443e89848ef39017184c42171388674c551ff9a,14649316,,25910008
0x8d04cc7e86e687854eb41d9d43512b655b93184b,0x21485f2b8c834aae23c73ca16ebf7f2cf2c706cf,1003523428,,25910008
0xe3d41d19564922c9952f692c5dd0563030f5f2ef,0x4997db14d45af82636f4f1cf73658d0316fbe8d2,9751401,,25910008
0x4997db14d45af82636f4f1cf73658d0316fbe8d2,0xb300000b72deaeb607a12d5f54773d1c19c7028d,9751401,,25910008
0xb300000b72deaeb607a12d5f54773d1c19c7028d,0x88649f4743a758171077b98ee2003f1989b1615a,9751401,,25910008
0x88649f4743a758171077b98ee2003f1989b1615a,0x3aa7f15d03cbf257c25714f44c21085e4e5aab88,9751401,,25910008
0x4cd803e70687c887cf70a76eae73055c386c0d88,0x6872b6630a3afcd3117191a8403c2002e13df7de,1018860050,,25910008
0xec34379883e51a15066002a78abd75c04b63b47a,0x8e70b493c0e1076eaafd6a2a4081d017379c13a3,499906000,,25910008
0xb68642243dda07b224c414202bb2c1afe60723ea,0xe3d41d19564922c9952f692c5dd0563030f5f2ef,10000000,,25910008
0x3237858a7490d850194c49b367bded4534e3ca2e,0x4bd67f8b4f2b320f5975cb7ca4687b87e6f0fedd,601174503,,25910008
0x9e5d5f4d0b49e040e1b7e9108cb5374e13a2a0a1,0x2f6a6fab4294b927fbd0f0362a6a9053bf751ab4,107630000,,25910008
0x1c73fc23d2bd08e5a588490e3041add7c4a2acdb,0x5d1ae637433212bcd0ff2c57218b2e7587b797d7,300000000,,25910008
0x000000000004444c5dc75cb358380d2e3de08a90,0x4c82d1fbfe28c977cbb58d8c7ff8fcf9f70a2cca,88659287,,25910008
0x4c82d1fbfe28c977cbb58d8c7ff8fcf9f70a2cca,0xc7bbec68d12a0d1830360f8ec58fa599ba1b0e9b,88659287,,25910008
0x65813dff3b693336d650c094ddec49622405f95e,0x5891791e2558e77ffb0d358b78d7847299014f1a,175000000,,25910008
0xbb18b417dab3af9963e1cd6ec961ee5e87b7344c,0x44a29f2934a55c1ab6e2c2c62dd68c28b695d704,499691465,,25910008
0xba1f6a1defaef173f6af69da1260441fbd8b1254,0x5d67ecd112badbe7730b237e343dc814229fcfe8,178000000,,25910008
0xba1f6a1defaef173f6af69da1260441fbd8b1254,0x4b742ad5ca91969e82aefb80072ae59121a3d72a,49273,,25910008
0xec8bd58821b6dd99e917906ad16333bcd6e25c87,0x5fdcb4432cbf59d4a1d335bb97eb053792223b8d,128959000,,25910008
0x9653836ba874d26167eb56c3ed538c066b70bb25,0x1231deb6f5749ef6ce6943a275a1d3e7486f4eae,4700000,,25910008
0x1231deb6f5749ef6ce6943a275a1d3e7486f4eae,0xc06ebbefd94032b85424d51906e2a335efae264b,5640,,25910008
0x1231deb6f5749ef6ce6943a275a1d3e7486f4eae,0xfad4c8f1e71e4c56b87733bd916ff7cff46c6c29,34310,,25910008
0x1231deb6f5749ef6ce6943a275a1d3e7486f4eae,0x4cd00e387622c35bddb9b4c962c136462338bc31,4660050,,25910008
0xf70da97812cb96acdf810712aa562db8dfa3dbef,0xb92fe925dc43a0ecde6c8b1a2709c170ec4fff4f,13083639,,25910008
0xb92fe925dc43a0ecde6c8b1a2709c170ec4fff4f,0x0889e9327b98d7d1be3c301a4585ff3330502c9a,13083639,,25910008
0x0889e9327b98d7d1be3c301a4585ff3330502c9a,0xe0523b85fad2015c0b6ae78e8c71ece5edbe5a67,13083639,,25910008
0x915b4d857a9154770fe69300627092e41ef51a15,0x307576dd4f73f91bb8c4a2edb762938e8e067d31,15000000,,25910008
0x99b9d97a93b1e7228e1aab28167018600bbb0134,0x111116053f09d34a7eae8102887004445176ca11,4000000000,,25910008
0x111116053f09d34a7eae8102887004445176ca11,0xb1f05c103cdd519e9f9785cda23c03635a598be4,54000000,,25910008
0x111116053f09d34a7eae8102887004445176ca11,0xe3d41d19564922c9952f692c5dd0563030f5f2ef,3946000000,,25910008
0x1ab4973a48dc892cd9971ece8e01dcc7688f8f23,0xad474c2b836984eff93af913cdef989b6223f3d7,49200000,,25910008
0x9239df3e9996c776d539eb9f01a8ae8e7957b3c3,0xf691711278fefbe51192341ccf20410fc133bab5,51665635,,25910008
0x3ccbca52240c4d67ce1ff9434cae20ae2eff0e34,0x3ee617778e7d1e743f54f2fd78a5b349c340608d,0,,25910008
0x8e6fff10163721548b19d91c05bab540a914f3f9,0xe7636e1de1caadba32f73d8ab48fef1e0365c933,0,,25910008
0xbdc0c1a83be9c2d39bfe725fcfc1870763196f1e,0x2f8ee8506d0b72873aff4fb6943248e33fee0447,0,,25910008
0xa02102cf93564d4c0606ed1a1a8711c1dfbe6e48,0x10520fc12ba87a4e438755af157a2e6cb5642216,0,,25910008
0x2f8ea14639ceff697dfebea8377f7513e2970447,0x082db1ec8bb281cf04766508c2f1f907ced1ba1c,0,,25910008
0xf89e86fee3985e4bc15d053fa4913d6ccea414f4,0x4500a1a91f2274238590203f4669358c03cb0a18,0,,25910008
0x4170c5ecd53cdf316f40185635bff98482d92545,0xb4b897fb8659808152e18a9c3c5b4fea3f8802f8,0,,25910008
0xb0d9524ee856aeb44ac761d5e73327c9c13ee045,0x27db048fc27a1685e705a8cbbaff9a18947a4605,10,,25910008
0x31531968d263567b0b93494e888ee23fc41a41bc,0x89936808d11f6a813eecfe19594fa2ec2cfc62d1,526000000,,25910008
0xb7d87c8c0659caea8acacf26af11c2be9dd1e6c3,0x52ff52e0b7bb011422b84fee8822aa00f84bbafe,20000,,25910008
0xac7b1b390becb677db28041c29ff86374afd861c,0x644a8e6ac28949e48e701b5755bc7fc97c85f8cf,6000360000,,25910008
0x87482e84503639466fad82d1dce97f800a410945,0x47b3b0a9c4ad9378f4cf0fdb54da3842f7c0f99b,2350000,,25910008
0x4e5b2e1dc63f6b91cb6cd759936495434c7e972f,0x60e91efe72cee9db995fa4e06d1561dfc53bdbb9,49404000,,25910008
0xda09623ca0e73b071404c969f371bb3c92018b0c,0xe3784a8d3b6908b6a2dac75f5e2f7c1f3f448979,41007061,,25910008
0x0734a4a744d1846e9d5a859a46e38ee056b353f0,0xc214bd3e89a48c7c305f1087fca0c8165ef6a923,469070000,,25910008
0x2ec292917caa4c45c5e1006ed05d19df97d71082,0xbfdb28cce338462f9bfb8d041e1cd5671197e23c,14,,25910008
0x6955ae97964fc18674ab75ca2dd5bbc6fb0eae92,0x6e4439c029b94a66bf9549df6f4dafd390d98768,25,,25910008
0x11a2c5100b31bd7cb4ca8c02e3c5d6cb4fa2bb56,0x64185e37da22560f47e1d808e69cd5938db80b82,25,,25910008
0x377964d84eee6ee6a66a1c0574ca8c60ba0b6711,0x7608aec357eaa59c7337ea319221f35c206d842e,30,,25910008
0xe3478a262a64b6aceb8c89f41983f709b8921964,0x3384968ed51f8281e6e6d32dfc7868a5597c4874,10,,25910008
0x0ca8e8d976df3321f6ff0a8cca96536a51565c81,0xaba5fa71a88011cb5327819a64c4b0a150f0ccd9,300,,25910008
0xaba5fa71a88011cb5327819a64c4b0a150f0ccd9,0xdc3b5a335096eda3aa80a84d8008ba55b50d8314,30,,25910008
0x4fc6d0935993cf9a33fad48bed3b43b5286afcef,0x7a7abd63f68d37517fa433d8d8ba997f2241bc7b,0,,25910008
0x9999f5fa7c56eabf937c06cd8f6c0c9d526cf934,0xec8b99da7cdd3f33439735e465e03541ee093c87,0,,25910008
0xa02102cf93564d4c0606ed1a1a8711c1dfbe6e48,0x10520594608ca71afc10e9d109ea0f670c3c2216,0,,25910008
0xbaaa5bf6cc1a69fbf37f5c1e95d8894b007efee2,0x9a6446006edd6c7a6df847fba9a8dd53c3616d93,0,,25910008
0x173fb2111edb8ac8b0b833c5a1209e44161eb92f,0xac2a82e6054a9a86fcf69b2c8c7e2a1adac321b9,0,,25910008
0x80e99e5b3e5438ce36217f0cdba1546f5b1a2ef3,0x5582ca084bb9e08512cc3ed0f7bf0a748edd9c9c,0,,25910008
0xe8410775d01d6091fe2003a2f9b7226cf87be96a,0xf4e147db314947fc1275a8cbb6cde48c510cd8cf,40000000,,25910008
0xf4241da70734375dff580bfeebf4e5b748424575,0x9acab53fab62d236f37e63d65d9afa137a1e7e4b,165460000,,25910008
0x559432e18b281731c054cd703d4b49872be4ed53,0xc698822756ca38450ff7e0755b12b849771a8475,149800000,,25910009
0x18e296053cbdf986196903e889b7dca7a73882f6,0x7f145820719e052ed0254263a648c818abc899a2,50000000,,25910009
0x18e296053cbdf986196903e889b7dca7a73882f6,0xc5edf8e33529736a125c92e0fa7db8cd6bcd4954,116494800,,25910009
0x18e296053cbdf986196903e889b7dca7a73882f6,0xdea6e126255497c4d881fd1bfa93f47836e490bd,20040000000,,25910009
0x559432e18b281731c054cd703d4b49872be4ed53,0x6e1387702f48cc9cec7e309ef65924399dcf7de1,1501150000,,25910009
0x0bebbfecb3dcdc80641601797cc19b6d3bfa12e4,0xaf1b1670b5c81bb638a12bf515511cc05fdc3eed,200000000,,25910009
0x559432e18b281731c054cd703d4b49872be4ed53,0xe99a01c5d60365bee59b756b44fb6649c402bc16,29630000,,25910009
0x559432e18b281731c054cd703d4b49872be4ed53,0x5e4a54f3fde59635df24673a08eb1eb088a53545,39040000,,25910009
0x559432e18b281731c054cd703d4b49872be4ed53,0x90b3c00d219741822208a3cdab9c918bf3bd12cf,30163000,,25910009
0xbd495a004310a073c65d432751c7070832fdd815,0xfbeedcfe378866dab6abbafd8b2986f5c1768737,500000000,,25910009
0xf691711278fefbe51192341ccf20410fc133bab5,0x3f69532b603c5c9b01a75af8976c4c6445c6a1a1,51665635,,25910009
0x28c6c06298d514db089934071355e5743bf21d60,0xa9d80d7f406902803acfc4b65a9842e72ceb7ae1,69506443,,25910009
0xcadd7dc7c4c63e413c4e5b9c20c387c45cad4f7d,0x7f608464a43cb144d42c8cb9779a22debcf00aa9,20000000,,25910009
0x7f608464a43cb144d42c8cb9779a22debcf00aa9,0x00000000000014aa86c5d3c41765bb24e11bd701,20000000,,25910009
0x2cff890f0378a11913b6129b2e97417a2c302680,0x7d590a096ee0876797dcc6463da0102daa49b01c,976686729,,25910009
0x16cffdad5811c5897c8569467c882f9a53f4e397,0xebc496f9cae0dfef5bd271007fe7f0161c5dd053,12990000,,25910009
0x16cffdad5811c5897c8569467c882f9a53f4e397,0x4b742ad5ca91969e82aefb80072ae59121a3d72a,57573,,25910009
0xbe4e9cc47a8c89794c673362b62d2301f1b224cf,0x2b141ad80b3498318bffff10cf6172b820f7e7c6,20000000,,25910009
0x1ce8dfa5887a72857c3d62a1b8156ce4765a1dd0,0x8d14cc0bd51084b0da1284f1cb8c09028e00bbd5,160000000,,25910009
0x173bc3e1574cfb66c2d613556dc7decb494b95f6,0x9cb3577c4074a0141cc009282fea5b0f4aea8898,27908332134,,25910009
0x173bc3e1574cfb66c2d613556dc7decb494b95f6,0x4b742ad5ca91969e82aefb80072ae59121a3d72a,52876,,25910009
0xb6d629cb247333dd5e273b75741c55dfeca6f6e9,0x2e76c1a622e66cb384fb133faeabbb20fdfbb1ca,13585215,,25910009
0x979b0cc8191a6c4e5a267ceea4292a80ccf9b5d9,0x930bebccd13bae6f83a31894322b718b82ea9f65,130000000,,25910009
0x979b0cc8191a6c4e5a267ceea4292a80ccf9b5d9,0x4b742ad5ca91969e82aefb80072ae59121a3d72a,55711,,25910009
0x000000000004444c5dc75cb358380d2e3de08a90,0xf3980a2a3f86ae91eaa36434fe4de43d04410138,443921101,,25910009
0xcec8829840feaafbb53ec75f58f38376deade57f,0xc1d13492285eb664951e201bf7c80c7c6318a1b5,15100408,,25910009
0xf37777cc274ecf646094213cb7ea955798f84311,0x2cff890f0378a11913b6129b2e97417a2c302680,90000000,,25910009
0x1cdd73a9327e546eefb82f50b4f04d1e1a076da5,0xb9961898cd45fb859cb847e72c948ce7cf4cc9c9,4099999,,25910009
0xeee2b5406a53e67bf97bf962b7879da526bb787d,0x1741f12862470ecdd4e6498ac94384dbb2989fd0,275293807,,25910009
0x504ed0496e9b699f8f6bb474d74a3d555eeb0ef5,0x860e433f2c68e13f10988089b21718ffd59e662b,18383000,,25910009
0x1625824525f0772d631ce9ca26c6a5be678df399,0xb317d9b4b00c7664381db8f3132c774c3c99398c,87062,,25910009
0x1625824525f0772d631ce9ca26c6a5be678df399,0x08ec0883dec73e786ccf01461e4e543e23a731a7,439582938,,25910009
0x2e56d071e3621227ec675f8f4362c8f90b79ef35,0x6b35d08789cf8ed21a9ba5ff7b8438ec4f071206,33000000,,25910009
0x11ec2540d694a7e3db427ae3ca989b01d3d24dd7,0x57a8f8022ad162715b9e0a1735d795ef9294b587,300709021,,25910009
0x331368b1fa7caced9b6ed11f21aa5d97a47ea381,0x061e5f44723b2182db52ad54976fbcb2dda96eaa,176474001200,,25910009
0x16190fe3aa472871422b3e17c08c4a2486a599e8,0xb99191b82fc841fc578276ccf0052e5f7df6e059,500000000,,25910009
0xb7d87c8c0659caea8acacf26af11c2be9dd1e6c3,0x446af0d39f4a7cee83169e1e95f5b306886d2a07,20000,,25910009
0x000000000004444c5dc75cb358380d2e3de08a90,0x59da89baee7c773f991731fca0a8bba58d511c05,2586459,,25910009
0x59da89baee7c773f991731fca0a8bba58d511c05,0xe8736af1926e9d8f5a6602fbbb0893b26436d710,2586439,,25910009
0x341c580fcad726e94a29806066a667bec0492459,0x4e68ccd3e89f51c3074ca5072bbac773960dfa36,27612,,25910009
0xde119e44cdc839a90f0f8ee156f7e4c628bd978d,0x3e60af5fc653180ec2498c4b694a038f91f3e7c3,8002793,,25910009
0x000000000004444c5dc75cb358380d2e3de08a90,0x83f017f2d999c04a9ea3618ecbc99b4cc848705e,999313492,,25910010
0xd84b4436b6aba0fa348c5cf35b4682448e94724a,0x48b20d520b87d7c7d351f3048d58a7d7259c2a0c,102600000,,25910010
0x559432e18b281731c054cd703d4b49872be4ed53,0x749df5b9aa4a90357f48d83d0bc11a1b647feb00,2898000000,,25910010
0xf5107653529ba401a21a4f5d9dd08bd6f21b73e6,0xac6cd7d52c1aa5211baee83effbf0622f9fdcb4f,1470000000,,25910010
0xaf6be50591d56d3514215a57f4469d17c5138f7f,0xac6cd7d52c1aa5211baee83effbf0622f9fdcb4f,258000000,,25910010
0x6908e6fdd18b3935684f24b3872bbb803379255f,0xac6cd7d52c1aa5211baee83effbf0622f9fdcb4f,104700000,,25910010
0x43a16fdcb50476f01de0327c4bcee4371744bc62,0xac6cd7d52c1aa5211baee83effbf0622f9fdcb4f,60000000,,25910010
0x189b1c95957794deb2b0dc8892e265d3ec1ec945,0xf9050ddd995638942a108d111b735c034c538bce,1200530000,,25910010
0x559432e18b281731c054cd703d4b49872be4ed53,0xf17d9a7a75098c13d741d56eaa5aa188b0bc48fa,60147000,,25910010
0x915fd34cadd63907b51eb64dddc2eadd114a0bed,0x8feab81d36e7576107d5de0758c1b839be31b4f6,11008882,,25910010
0x8feab81d36e7576107d5de0758c1b839be31b4f6,0x6ea08ca8f313d860808ef7431fc72c6fbcf4a72d,8807,,25910010
0x8feab81d36e7576107d5de0758c1b839be31b4f6,0xaff8c16838960ea45114a8f9f818581fd026687e,1651,,25910010
0x8feab81d36e7576107d5de0758c1b839be31b4f6,0x4a45add4344adb9fad3d9f8e3c9b68144e835cbd,10998424,,25910010
0x9696f59e4d72e237be84ffd425dcad154bf96976,0x4542226e7e3c9e9d32dd5a172bb40bb46649e8b3,19880000,,25910010
0x56eddb7aa87536c09ccc2793473599fd21a8b17f,0x90c49f1855cf4a79f3bbd46a7e104cfa1045c839,49700000,,25910010
0xdfd5293d8e347dfe59e90efd55b2956a1343963d,0xbd50d955da6213c651967c8ad2922e8bbb8892c6,2000700000,,25910010
0x0d0707963952f2fba59dd06f2b425ace40b492fe,0x72e7eb0f4189a2c45aa0b19098aaf06806b99daf,954960000,,25910010
0x0d0707963952f2fba59dd06f2b425ace40b492fe,0x325833c04ebf891af626c09f8b797ba971ede129,10000000,,25910010
0xa3ef0e69702cfa8624cfaeb23123d89a3e3e3aca,0xa9d1e08c7793af67e9d92fe308d5697fb81d3e43,1050000000,,25910010
0x3e994c4e0f222f46b9128b2ab1ae3e9762ffc421,0xa9d1e08c7793af67e9d92fe308d5697fb81d3e43,1050604940,,25910010
0xfa77985cdba732b1aae3bc578ad045a2b56c52c3,0xa9d1e08c7793af67e9d92fe308d5697fb81d3e43,1099989512,,25910010
0x5c1f580033c9ffe83f6cf0547c8ffb51b926a489,0xa9d1e08c7793af67e9d92fe308d5697fb81d3e43,2000000000,,25910010
0xd84e5bcb97912953641f0baa8b0e2d9b4a351572,0x4cd00e387622c35bddb9b4c962c136462338bc31,196960000,,25910010
0x6ca4da51db0b55573afc30b079b6a18e5bbd7165,0xd1127eaa9de41d1ce2a605e9c5e600fadeea5a50,165001295,,25910010
0x89936808d11f6a813eecfe19594fa2ec2cfc62d1,0x559432e18b281731c054cd703d4b49872be4ed53,526000000,,25910010
0xe3d41d19564922c9952f692c5dd0563030f5f2ef,0x4997db14d45af82636f4f1cf73658d0316fbe8d2,18902838,,25910010
0x4997db14d45af82636f4f1cf73658d0316fbe8d2,0xd6f33a3c5db5b48dcc4508a19981bf8c2998f459,18902838,,25910010
0xd6f33a3c5db5b48dcc4508a19981bf8c2998f459,0x7718360ead37485836e7fa69deae10058813baf1,18902838,,25910010
0x5d0ec66325afe1d5fe18d5bc76be4906df6fc56c,0xec7c26539357f149370d0b3a54472221dbc98182,3000000,,25910010
0x7d9f4ca54131e588fc1fe577973b55fb11231e76,0x503f812b0c652de49d6a7201c01f6a0939fbceb3,290,,25910010
0x7d9f4ca54131e588fc1fe577973b55fb11231e76,0x7d1119bbc58880ea2645e9c1194131d47a4a0861,197,,25910010
0x7d9f4ca54131e588fc1fe577973b55fb11231e76,0xc3d4d75f8260c03d7fd500d31298f1a45b16cd8b,533,,25910010
0x7d9f4ca54131e588fc1fe577973b55fb11231e76,0x08e7d8699721f6959d5fed2a6dd570b126a32176,500,,25910010
0x7d9f4ca54131e588fc1fe577973b55fb11231e76,0x2d5547cbd753dd9ea9dc0f7b5aa9c5f2af4300ab,433,,25910010
0x7d9f4ca54131e588fc1fe577973b55fb11231e76,0xf42b876ccd127e9ad9a064ee0b04721f5bfd9b0e,133,,25910010
0x7d9f4ca54131e588fc1fe577973b55fb11231e76,0x22b11661e0ce7e84fa2114c8eeabbef3846acdc7,199,,25910010
0x7d9f4ca54131e588fc1fe577973b55fb11231e76,0xa9feb02d0e8d1e4d825ef1ced1f0ee73df1d3e43,703,,25910010
0x7d9f4ca54131e588fc1fe577973b55fb11231e76,0x180a09611322470db9a4556e5b1bcc0fc1935a73,207,,25910010
0x7d9f4ca54131e588fc1fe577973b55fb11231e76,0xd1f67553e60266193caa6fb81bf283bbf0d54c1d,163,,25910010
0x7d9f4ca54131e588fc1fe577973b55fb11231e76,0x78fd1f1dab6590f49d2ed6166998fe4d3cda7456,157,,25910010
0x7d9f4ca54131e588fc1fe577973b55fb11231e76,0xaa2e36c1ea3c8f3e98955f33aeace87e1df1168e,390,,25910010
0x7d9f4ca54131e588fc1fe577973b55fb11231e76,0x71544250a88ad42f7573fa8bbc16349443190ab3,100,,25910010
0x7d9f4ca54131e588fc1fe577973b55fb11231e76,0x4beaf35ef4d8e80495e988b80812825673d47ad4,500,,25910010
0x7d9f4ca54131e588fc1fe577973b55fb11231e76,0x16cc51c2c84b3a376ea2fc6b10a6cd8f59da706c,149,,25910010
0x7d9f4ca54131e588fc1fe577973b55fb11231e76,0x6d8c008bf33791484c2898baabd8bf0b1cd5b4e1,650,,25910010
0x7d9f4ca54131e588fc1fe577973b55fb11231e76,0x012682f40bb30ac5a1cefce58447982f5a751894,457,,25910010
0x7d9f4ca54131e588fc1fe577973b55fb11231e76,0xd9ddb1eadba38a6483913788401c5d424e2b872b,106,,25910010
0x7d9f4ca54131e588fc1fe577973b55fb11231e76,0x48888e412b014b15e1ff1ca70b43a858e61b2d07,960,,25910010
0x7d9f4ca54131e588fc1fe577973b55fb11231e76,0x349ea880c61ccedeb33297fbc3fd48e684f78944,575,,25910010
0x7d9f4ca54131e588fc1fe577973b55fb11231e76,0xd797b3c4cb66579e7bfb6939a4d32324b17e3e04,105,,25910010
0x7d9f4ca54131e588fc1fe577973b55fb11231e76,0x17a4d249a41dd52265553ee4d2b90ed3c933ac98,450,,25910010
0x7d9f4ca54131e588fc1fe577973b55fb11231e76,0xcadfb5e45f61f2aacbd462fe7a3289c38a1914a7,300,,25910010
0x7d9f4ca54131e588fc1fe577973b55fb11231e76,0xc6c2071dfd92612cf0704d2b083f5881a619738b,489,,25910010
0x7d9f4ca54131e588fc1fe577973b55fb11231e76,0x62df8b45d6fc4121f8eb05579c404511cb807c8d,487,,25910010
0x7d9f4ca54131e588fc1fe577973b55fb11231e76,0x9a134fb726c1423eb0bf6bc76a0f9dfbbc9d175a,350,,25910010
0x7d9f4ca54131e588fc1fe577973b55fb11231e76,0x2fac1d0370aea37a77540385b3044f9a1ebf6d71,200,,25910010
0x7d9f4ca54131e588fc1fe577973b55fb11231e76,0x25146d498c3827c59454ca67f59b04efddf4b30b,780,,25910010
0x7d9f4ca54131e588fc1fe577973b55fb11231e76,0x849476bf3159ac799af7cb4545ba1cb316f92326,750,,25910010
0x7d9f4ca54131e588fc1fe577973b55fb11231e76,0x427cfa468222f7d576b9070ac0b978bbe4bcb1cd,962,,25910010
0x7d9f4ca54131e588fc1fe577973b55fb11231e76,0x4626930a4e26ef39bfaeb0aaec8d8a34699ff93a,350,,25910010
0x7d9f4ca54131e588fc1fe577973b55fb11231e76,0x39d6d5d60009a08e5633c08ab37027a526b9776a,375,,25910010
0x7d9f4ca54131e588fc1fe577973b55fb11231e76,0xe69f37ddf64772dc38f712159607af23e572f466,100,,25910010
0x7d9f4ca54131e588fc1fe577973b55fb11231e76,0x2768f9e6c1521c9c73e03691222e472017482561,653,,25910010
0x7d9f4ca54131e588fc1fe577973b55fb11231e76,0xed7dacf15e470779b97582b3de000aaaf8b0f5a7,120,,25910010
0x7d9f4ca54131e588fc1fe577973b55fb11231e76,0x66d92d7c17bbf49feae2a599a4e1bcf9f07808d4,381,,25910010
0x7d9f4ca54131e588fc1fe577973b55fb11231e76,0xbcae89f5eb7f38d2650bc9bc99d02d5569be61c7,476,,25910010
0x7d9f4ca54131e588fc1fe577973b55fb11231e76,0x89575d8fc4e63c282c56d768e74e5f0bc53781da,112,,25910010
0x7d9f4ca54131e588fc1fe577973b55fb11231e76,0xb7fbdc4bd88a4a0d6560d751cf7e5fc7d08e78df,249,,25910010
0x7d9f4ca54131e588fc1fe577973b55fb11231e76,0xc5bb85f2ba79bccc8a3e39e8d47e434caaacbbb0,410,,25910010
0x7d9f4ca54131e588fc1fe577973b55fb11231e76,0xaddcb7a14b9f071822f8a6c7995901c3c48c1f04,150,,25910010
0x7d9f4ca54131e588fc1fe577973b55fb11231e76,0x5b815f399df89161bc20d614158443c46cfca066,700,,25910010
0x7d9f4ca54131e588fc1fe577973b55fb11231e76,0x56a387f04c224797ec9bc467292b2546ea9ef746,400,,25910010
0x7d9f4ca54131e588fc1fe577973b55fb11231e76,0x3b7d75e3a89c260ed0db5fc7a41f6eeb8f7d54d3,149,,25910010
0x7d9f4ca54131e588fc1fe577973b55fb11231e76,0x04f779a410774453e0c6f30fa2739243d1f2aa46,195,,25910010
0x7d9f4ca54131e588fc1fe577973b55fb11231e76,0x04e2e76a5757c52fc9c679f1a4c1506b2c3fc131,450,,25910010
0x7d9f4ca54131e588fc1fe577973b55fb11231e76,0xff8f00c8a786ce5355aa7baf44ae41ca85162782,750,,25910010
0x7d9f4ca54131e588fc1fe577973b55fb11231e76,0x4be651d3a80a6858272a8593644ab816ec199a3b,847,,25910010
0x7d9f4ca54131e588fc1fe577973b55fb11231e76,0xae1f8c7c5c6340b4d1ddd8bbab56e7ee0403051e,500,,25910010
0x7d9f4ca54131e588fc1fe577973b55fb11231e76,0x7a6f0bc70a7a20e964a55b6c24d7d307b8df77ac,200,,25910010
0x7d9f4ca54131e588fc1fe577973b55fb11231e76,0x26e8fd9d76f5b14befc1982b572316c887fa6e5d,950,,25910010
0x7d9f4ca54131e588fc1fe577973b55fb11231e76,0xb125abbbeb35c23e975c7d92f39ae4cc0d1baccd,217,,25910010
0x7d9f4ca54131e588fc1fe577973b55fb11231e76,0x4a3b07c77c9ac098876bc9b6f30bbec52c099984,299,,25910010
0x7d9f4ca54131e588fc1fe577973b55fb11231e76,0x3296a4296f6d5c60ca10ca7019d86958f2e8c770,155,,25910010
0x7d9f4ca54131e588fc1fe577973b55fb11231e76,0x3f2b87afdd1b7996059e4cf74a6f1ba6ae986966,882,,25910010
0x7d9f4ca54131e588fc1fe577973b55fb11231e76,0x82631a1b098267af225fbec1378310d7ea3b7ce7,476,,25910010
0x7d9f4ca54131e588fc1fe577973b55fb11231e76,0x9ed91b6863ea174910f20a446dba35d4365359e8,200,,25910010
0x7d9f4ca54131e588fc1fe577973b55fb11231e76,0x15cc820225091f15c4f12c6a046fcff8fd7ea7a1,600,,25910010
0x7d9f4ca54131e588fc1fe577973b55fb11231e76,0x1a8764dc709bc0b260d22cc682fa282836e251d1,643,,25910010
0x7d9f4ca54131e588fc1fe577973b55fb11231e76,0x32b2093864ea0eb0deff4fb0e93befe94b4575ed,145,,25910010
0x7d9f4ca54131e588fc1fe577973b55fb11231e76,0x3e8643e143d6cfecf320a9b10c3a9a5872dab94d,399,,25910010
0x7d9f4ca54131e588fc1fe577973b55fb11231e76,0x9ec01734ff88587e3635d5ac03920cc5381819a3,751,,25910010
0x7d9f4ca54131e588fc1fe577973b55fb11231e76,0x983edb68e26a7cd2bb9c899ffa50f235157e2a5f,682,,25910010
0x7d9f4ca54131e588fc1fe577973b55fb11231e76,0x3d27924d11298978ef98dd1a1a4e9329366c1f71,800,,25910010
0x7d9f4ca54131e588fc1fe577973b55fb11231e76,0x6c000b73aaf8d1eb026af55c06f753e479907d55,378,,25910010
0x7d9f4ca54131e588fc1fe577973b55fb11231e76,0x150f74da22b3ac6807cf1532c8d4ed7de7f8eaf0,231,,25910010
0x7d9f4ca54131e588fc1fe577973b55fb11231e76,0x30aec5b29a2deb92cd51f4ebc2062809c14e6588,500,,25910010
0x7d9f4ca54131e588fc1fe577973b55fb11231e76,0xc33fa9ba37b7952f0d950e6b317edda4b9820b3b,567,,25910010
0x7d9f4ca54131e588fc1fe577973b55fb11231e76,0x06152a4a735b9a979dc8a2d80455c165060766c2,100,,25910010
0x7d9f4ca54131e588fc1fe577973b55fb11231e76,0x91a1635ca2c7159d44d19a26c95a71d93444390d,150,,25910010
0x7d9f4ca54131e588fc1fe577973b55fb11231e76,0xfde07d66a1d332b2aa01b06f8ee0f26feaa5121a,984,,25910010
0x7d9f4ca54131e588fc1fe577973b55fb11231e76,0x209544ea20b2dc4ef64e2254acdc7f350eee0a19,482,,25910010
0x7d9f4ca54131e588fc1fe577973b55fb11231e76,0xad1b30c730af4b272b88fa6f79a5d7b7a2542540,500,,25910010
0x7d9f4ca54131e588fc1fe577973b55fb11231e76,0x56b87fbfec1a75366815c689c3833fe27e1f459f,100,,25910010
0x7d9f4ca54131e588fc1fe577973b55fb11231e76,0x035967609a8f1333d07d04094952493e3461c137,364,,25910010
0x7d9f4ca54131e588fc1fe577973b55fb11231e76,0xf2e18fefc62d6d3b317bbba0e810092982f93365,250,,25910010
0x7d9f4ca54131e588fc1fe577973b55fb11231e76,0x05a10717a418d58d080f8beab80f400e21fdff99,500,,25910010
0x7d9f4ca54131e588fc1fe577973b55fb11231e76,0x6bae3a6363f2fd4ea98651790a4ce7e59ac83acf,999,,25910010
0x7d9f4ca54131e588fc1fe577973b55fb11231e76,0xf671294153cfc13c20316109118b34ecaf770b51,775,,25910010
0x7d9f4ca54131e588fc1fe577973b55fb11231e76,0xeb27f4f7940f72e2ac0994f80f38593f224cf328,101,,25910010
0x7d9f4ca54131e588fc1fe577973b55fb11231e76,0x24741d7366ec64d7fae4aff6a271bd2869693d6a,500,,25910010
0x7d9f4ca54131e588fc1fe577973b55fb11231e76,0xbc93744bc93c16daa2bf8395c7ea838d2979cb87,712,,25910010
0x7d9f4ca54131e588fc1fe577973b55fb11231e76,0xffeeace47fd044d44ac6aaa2666f5d4014d91553,489,,25910010
0x7d9f4ca54131e588fc1fe577973b55fb11231e76,0x5102783eaf2ce425c4b8485d7bb6ac46418c5156,100,,25910010
0x7d9f4ca54131e588fc1fe577973b55fb11231e76,0xc3729fed4074fa9164d53fc63df1ddb9758edb3f,113,,25910010
0x7d9f4ca54131e588fc1fe577973b55fb11231e76,0x5c8b85852dc1db601a8c43a5ed8951451eedd259,300,,25910010
0x7d9f4ca54131e588fc1fe577973b55fb11231e76,0xe003bcbc9c5075f09913f25fdd3f3d9e5b21d650,135,,25910010
0x7d9f4ca54131e588fc1fe577973b55fb11231e76,0xe624963b50a1e179fa057e04faae911bf5277815,699,,25910010
0x7d9f4ca54131e588fc1fe577973b55fb11231e76,0xbe529efc1ef117d426fd7048e1bbb0b6b970daa7,100,,25910010
0x7d9f4ca54131e588fc1fe577973b55fb11231e76,0x33c0a1f535e92026c1d5c2c7fbeb9db083ed8548,450,,25910010
0x7d9f4ca54131e588fc1fe577973b55fb11231e76,0x14da1ff6fa2449d4e59b074eecdd701a20a40067,200,,25910010
0x28c6c06298d514db089934071355e5743bf21d60,0x087373d3847df289d79056461b55adbadf72066e,41490000,,25910010
0x9642b23ed1e01df1092b92641051881a322f5d4e,0x23a948175ada27280a32d72bc46547c4e0dd1032,124906000,,25910010
0xc3e6d118cf103e7abdc150a0962b264ba794d5f8,0x9e08efc1f12392459b51cbdb442441f179b987f9,820000000,,25910010
0x582a3f05b7f6cc7c5d50ce72aeea440fa0d8298f,0x0da23fba9570798f633e19be77411f67eb25b12c,2100000000,,25910010
0xc7bbec68d12a0d1830360f8ec58fa599ba1b0e9b,0x0889e9327b98d7d1be3c301a4585ff3330502c9a,83431663,,25910010
0x0889e9327b98d7d1be3c301a4585ff3330502c9a,0xc30c8b862f7de6ba5d7eaeb113c78ec6b5ded04b,83431663,,25910010
0x21cb492117ba484303da6108c31c6c12f573a67e,0x7777857616fb37f0cfa262e9bb945e828312df17,13889259063,,25910010
0xe01ecff2f6c4f2416e83e6861e8abf79b1c95950,0x8063d4faf54bf8c898dc6ddc689c76ab12b4614a,34723,,25910010
0x7777857616fb37f0cfa262e9bb945e828312df17,0xe01ecff2f6c4f2416e83e6861e8abf79b1c95950,13889259063,,25910010
0xc3b4c9199d3405bf92ea725ad17c0cdc17cae9f2,0x4cd00e387622c35bddb9b4c962c136462338bc31,59710000,,25910010
0x56534741cd8b152df6d48adf7ac51f75169a83b2,0x9cfd4f6490afa0f78a8179363d337950d3bc1d51,1045,,25910010
0xf5b8d373a516a1d41f1860cf6f61352968e0738a,0xedcde914cfc1c1b9d462d72d51d980efd0202b37,89820000,,25910010
0x35c9a4dae1ff05788f24b5b32721d89340cbb636,0x0889e9327b98d7d1be3c301a4585ff3330502c9a,15836639590,,25910010
0x0889e9327b98d7d1be3c301a4585ff3330502c9a,0x0f7ae28de1c8532170ad4ee566b5801485c13a0e,15836639590,,25910010
0x0f7ae28de1c8532170ad4ee566b5801485c13a0e,0xa0554523b016b96ba095d8ef31a58341dc895545,15836639590,,25910010
0x4cd00e387622c35bddb9b4c962c136462338bc31,0xf70da97812cb96acdf810712aa562db8dfa3dbef,2000000000,,25910010
0x8aef70ad46a22f252e512d3d9787253da1612c54,0x912f3766b880fb79ff329fda9e78a68c41eca91b,50000000,,25910010
0xdc37b68ed598c09618f290ca5c572b967200aa94,0x2cff890f0378a11913b6129b2e97417a2c302680,602000000,,25910010
0x4811aab24c738318082cc6fd00f5d9a85dc8438f,0xc762bef5a0e7a6412ccea785f765ac25394c6ebf,215581000000,,25910010
0xb10a15774fb8ee4ba76ce4329f2f4582bd137389,0xea4c3de73a781d4a0a2b124cda5be1677a23c687,1000000000,,25910010
0xde119e44cdc839a90f0f8ee156f7e4c628bd978d,0xb0e075c7b12da5bdc900368381c4d112e87b090b,5547730,,25910010
0x3942c1cd00bcb2b0f98510e18bfb04c81f0e3874,0x03a3633b5a3ff5f8efc5fd9945ab49a60fb6c638,36500000,,25910010
0x3942c1cd00bcb2b0f98510e18bfb04c81f0e3874,0x6d4f97929efaf1b3b2aaf4e2f222308039423338,101229,,25910010
0x47b3b0a9c4ad9378f4cf0fdb54da3842f7c0f99b,0x0f320677059889f3dd628f576383e2772f941411,2350000,,25910010
0x873f55760f93235c2510651dfcc013d6e6828631,0x35fd3de30f91ea46b5aea9e0669640f65c22bfd6,174000000,,25910010
0xe2b68c2bef0408beda45be845057bab5048b830a,0x09e53862d6b37760ab9cf9ecdf0b3d54d78f604b,452527170,,25910010
0xd522210cc8fb120c7e820c8cc32df00a309da5bc,0x4cd00e387622c35bddb9b4c962c136462338bc31,7314014,,25910010
0x77134cbc06cb00b66f4c7e623d5fdbf6777635ec,0x7a6cf40c2d695f45a518757f9ad70cdc490bef11,979532100,,25910010
0xdc4858741e738bb304fc5b290e7b9453da6a5baa,0x3eec272051b2717d911ce1689d9d1fc796eb608d,100,,25910010
0xdc4858741e738bb304fc5b290e7b9453da6a5baa,0xa63f2d69934838f171c300dbf54af8d34e4b78dc,100,,25910010
0x3eec272051b2717d911ce1689d9d1fc796eb608d,0x3ccbca52240c4d67ce1ff9434cae20ae2eff0e34,100,,25910010
0xa63f2d69934838f171c300dbf54af8d34e4b78dc,0x828372dd1a2fe4899de98b5e315d328b21e15128,100,,25910010
0x5d67ecd112badbe7730b237e343dc814229fcfe8,0x00e46ec6ddb625f91b06adfc8fa3f70f748937e2,178000000,,25910010
0xb9afbddac010786cfd9b89115e1fb895e5bc164e,0x76a948b49cb6402635c2335a3d6a0046dccf8243,955750000,,25910010
0x3ee6de042d142c3c23efa5f22699179ea12b608d,0x3ccbca52240c4d67ce1ff9434cae20ae2eff0e34,16,,25910010
0xe7639abea7491645e89a10f3ebb47dfcb5bbc933,0x8e6fff10163721548b19d91c05bab540a914f3f9,60,,25910010
0x0ca8e8d976df3321f6ff0a8cca96536a51565c81,0x546ac82c032aedf86b2e62c313be249d057e7b58,150,,25910010
0x546ac82c032aedf86b2e62c313be249d057e7b58,0xd8bea7ae79e28778ae5caf67d076fc4fbab043b3,30,,25910010
0x0ca8e8d976df3321f6ff0a8cca96536a51565c81,0x4470236e61902313cdd00f015d86545d172698f2,148,,25910010
0x4470236e61902313cdd00f015d86545d172698f2,0x630803f69660c8819fe522215efda6cfaae82419,35,,25910010
0x0ca8e8d976df3321f6ff0a8cca96536a51565c81,0xa003c6521ad2937b44856e81fd3dcab31b90ce6d,85,,25910010
0xa003c6521ad2937b44856e81fd3dcab31b90ce6d,0x5c0a8a39603d4fa3ab6a0cebc0485331c010626b,17,,25910010
0x0ca8e8d976df3321f6ff0a8cca96536a51565c81,0xa93b23f9f7c05a11da51d4097439642438160355,200,,25910010
0xa93b23f9f7c05a11da51d4097439642438160355,0xef248837c84aed254a5cc716332a4833f16db999,40,,25910010
0xcbc1d7791c8684b9018fa13d45a1bc9e75404f67,0x564f78b6810c14491986b8e71c69fb95dec8b707,15,,25910010
0x122a87b89d6d6244df164642e4545b741247fdc7,0x67d5d81c76888da9d949a2a1b4462359190fb892,81,,25910010
0x31531968d263567b0b93494e888ee23fc41a41bc,0xf73016e40ed8525c1e7dbcada729f8a8a443ac28,500000000,,25910010
0x3d7c96687250bed76f6605236242270250a59458,0x4e68ccd3e89f51c3074ca5072bbac773960dfa36,128862,,25910010
0x5359e4e810a51d0a3906e6c31ad3ba306d48b633,0x18e296053cbdf986196903e889b7dca7a73882f6,1153938029,,25910010
